0.425618536175023, 0.289866747273636
0.366024154401765, 0.195615289588216
0.335590878198816, 0.239561859409193
0.286676667899634, 0.146984665592726
0.118376165723239, 0.0228162536424025
0.576911370666983, 0.190455433185016
0.113913538599222, 0.0868255756874961
0.309805617972243, 0.170548126364393
0.502642161010424, 0.168779482798138
0.16249740517404, 0.0591761442034123
0.206580894160911, 0.0616159231748476
0.484745490832922, 0.236500806199033
0.467935760534571, 0.322425495266396
0.0150026295323991, -0.104570187986125
0.0981734597060419, 0.115004591443007
0.460261673548929, 0.159082630561849
0.0771995827001183, 0.0202108339705716
0.170035442783157, 0.100826701097563
0.434911147584988, 0.281518634064695
0.207810231989724, 0.164482303408184
0.335295619693491, 0.183449414349149
0.282585655381445, 0.187600645225655
0.595442661336185, 0.441152868076372
0.425635260138199, 0.273402550468578
0.418635305073741, 0.263680740560381
0.257469575553361, 0.122976892680759
0.0457175956367936, 0.084783603409869
0.295789471009075, 0.122834992713267
0.29246522617335, 0.153765960602397
0.16915561399264, 0.108321462999283
0.0940802833321696, 0.0344113990108918
0.449595620734257, 0.209334988515792
0.253096590979211, 0.184587038072371
0.412776834037915, 0.225357379523816
0.280330007132433, 0.0928529129134772
0.278660198705492, 0.21845491047755
0.0991006809885622, 0.0701814427716403
0.224101019120759, 0.0800180100688981
0.28533035803411, 0.181000969645309
0.152186829474493, 0.152892920264811
0.22266608055642, 0.156956291103086
0.31103839232914, 0.180018424836493
0.452954407848664, 0.253169027696089
0.487447158429581, 0.150152582661306
0.0713871254749683, 0.0592262497492699
0.325608432421336, 0.184643565947281
0.124244571612684, 0.0598544647424655
0.135282705321795, 0.0854517564881283
0.409736826742666, 0.254581614810165
0.302324901653312, 0.194215802032929
0.419545206470575, 0.155800778281453
0.257167610359724, 0.0868162366976677
0.453225271443959, 0.136230236307778
0.325352765199044, 0.136269481212418
0.264786860106449, 0.100380012363077
0.471135060832662, 0.276091958001313
0.318051261536683, 0.160217511382357
0.0773267525257806, -0.0236967892235058
0.393445827776426, 0.272830329625558
-0.124926273242854, -0.190319680472181
0.0797679624304031, 0.0776190275812932
0.136064874490022, 0.0410868838429413
0.255824578256377, 0.116927493787444
0.343054778322162, 0.143970035697007
0.303362667447257, 0.221158747913396
0.173874969599329, 0.10733728814859
0.104239092691189, 0.0306640757942522
0.090164892918586, -0.0169538124754982
0.359457138823769, 0.217118251257338
0.216278285592867, 0.0860490343719239
0.348284616648022, 0.169029966479564
0.234833747783279, 0.126112400156843
0.191974384882037, 0.159731806109178
0.373182190385101, 0.156989649544179
0.218131085299216, 0.171378001730876
0.102672212686829, 0.0192412842288714
0.419046864712185, 0.231482298053771
0.340341883565253, 0.220521989179792
0.349258395254268, 0.174174097143356
0.347531374862271, 0.230515161367685
0.300900263752856, 0.191198218637226
0.394239966389525, 0.270661847911427
0.408598758114467, 0.214755536437792
0.240006627519836, 0.175208468225998
0.304023891155659, 0.121257845584753
0.315699241672262, 0.126402222665154
0.211911467844381, 0.091495167286808
0.235068748998114, 0.141527509302475
0.0579821482334833, 0.0562162471032073
0.471877597100354, 0.130385137146507
0.419808111436315, 0.233471058931495
0.336075406405274, 0.134190869058317
0.272614910194529, 0.152332712919182
-0.0613904859013718, 0.123052866372479
0.175939502341226, 0.111855809046311
0.412382701488002, 0.268786929332569
0.397585271889697, 0.17246580254416
0.445170167489363, 0.301134115735083
0.181641255394981, 0.0432310814879411
0.333445436577207, 0.202036331435395
0.231407258926564, 0.206728880364272
0.232858462288512, 0.0840687313068884
0.257094751248468, 0.173304920403364
0.234012767380901, 0.246789764733028
0.122671806150355, 0.0667625793211688
0.223340377395919, 0.159988667325585
0.10083125653581, 0.178810012437136
0.212118922392419, 0.19767293722411
0.469350717019023, 0.273947403814173
0.288878885172026, 0.200405360676262
0.37910575436313, 0.263603250115318
-0.0313864507172427, -0.0691324639612165
0.121858765759152, 0.0828224444164318
0.176669981589039, 0.0420430375827968
0.245993717218838, 0.0859845142383336
0.1118336025365, 0.0502243977058301
0.443037186867068, 0.182993019499963
0.144270928571928, 0.0492058480036504
0.198403091203859, 0.0880739207406814
0.304367081251098, 0.217455937486568
0.331421390581944, 0.135233291144113
0.108422561727724, 0.168286674374736
0.172612735231432, 0.0590138423289568
0.306370459951029, 0.158111817035661
0.0686397999567099, 0.0965445141051353
0.290196459111335, 0.20528698448554
0.417139491142199, 0.276326592079697
0.191859427341473, 0.233739380699743
0.280279882343794, 0.225149142742051
0.325161394246565, 0.176142860916984
0.357332523861132, 0.173012319409898
0.414701921701866, 0.272391214823681
0.060228368873359, -0.0420249136256885
-0.0161054346086483, -0.0345593160891767
0.376597104415996, 0.257107865164063
0.21647358804503, 0.0617768142097323
0.291360026287946, 0.178903445149664
0.102822106718292, 0.17673798970789
0.388476898718666, 0.261228360832133
0.262573211803357, 0.0862184384442823
0.256877085516443, 0.179048355114344
0.262161410638622, 0.231042183603184
0.144675299909197, 0.0487869588156399
0.306771167843492, 0.127263973614607
0.45513903667753, 0.253180492393267
0.283616170235462, 0.180604666267718
0.207074549940117, 0.0697497221743021
0.319787478766915, 0.129551745252576
-0.154363953688639, -0.113583338271463
0.266671663323364, 0.118020421598891
-0.0605078542534314, -0.0544666506201918
0.0697238010215918, -0.0304084304229157
0.539338874480829, 0.414678881718008
0.478629866024654, 0.332398516530622
0.24780842930693, 0.149701651919379
0.218174594146199, 0.0792551734495739
0.169598281792358, 0.0754432165017521
0.469040185161165, 0.208688787993353
0.405580495299403, 0.195399346635271
0.0565566136980241, -0.031184557515268
0.398053512690743, 0.173379896444679
0.37689245985802, 0.240089743668366
0.269539787431403, 0.242063705671211
0.463323350418356, 0.297635895311923
0.475453293559354, 0.193072218990669
0.21678532289625, 0.116810786650482
0.179278312289083, 0.0647595270518011
0.151117417779607, 0.024161851665677
0.318190153558964, 0.185398861016557
0.241766176767423, 0.161261561950042
0.07958031964361, 0.0552013437581971
0.32140277077968, 0.243779769061533
0.432824871054991, 0.285372091707346
0.118962074582539, 0.0231771568897224
0.263180115801156, 0.146961916089886
0.485500244566644, 0.327451380605431
0.138322305903852, 0.0620055288233879
0.191556493254776, 0.12847661527901
0.217653854364723, 0.0786067250384018
0.160116067322878, 0.10129206202412
0.307363192387514, 0.188309655237665
0.491700093594752, 0.35668880745189
0.0748719120033204, -0.00471340833996886
0.392445961596343, 0.157292567745035
0.0897673065044266, 0.0197239609880837
0.212377437639903, 0.104901436765211
0.110080835761177, 0.11780635570127
0.124776684383405, 0.120916785372797
0.138009470954158, 0.141785421099427
0.285754659532896, 0.150707179862156
0.325525837844966, 0.214809800750942
-0.0121521227046488, 0.139429043461079
0.0237832527093312, -0.019274315716699
0.193934013893951, 0.0707612793714792
0.205058003553636, 0.211275900673949
0.353306722752858, 0.235474503932758
0.462525471723308, 0.304121489088893
0.401228504123077, 0.274662663196006
0.177400958226737, 0.120195449880385
0.409281420161401, 0.202075546727027
0.47637051721841, 0.3595312183249
0.275631284248712, 0.194611695158876
0.279624055181288, 0.204022399578439
0.163923990298524, 0.0641690266326838
0.370994681209216, 0.243959110495225
0.29500534600349, 0.162843951811821
0.341772713963781, 0.240700079264353
0.220825329762921, 0.134744725520558
0.270881096135437, 0.206284963755053
0.0987984467842967, 0.0320002456327826
0.112480721733359, 0.0260161059297045
0.210789280337549, 0.049112057178528
0.154670126976804, 0.070408897419116
0.154280919423382, 0.0381881500458962
0.314773366278327, 0.233947056409987
0.335908958711142, 0.180518766841959
0.451533335956921, 0.281280756189281
0.273997520524926, 0.222359506216177
0.178140651854934, 0.143296171790551
0.0377547964037487, -0.0175262249012765
0.248531185924252, 0.195167153891533
0.334902888889695, 0.140780817230023
0.0654773563230622, -0.0386702494227903
-0.0696415960743789, 0.122847266677359
0.240213945465503, 0.178931231822801
0.0897469685201375, 0.0356133091860831
0.187188403702741, 0.0957457479871029
0.305653159907624, 0.141349616405274
0.113135829855193, 0.0713800326531539
0.141682445542859, 0.0663360957483092
0.385839971391994, 0.154454857826451
0.184683085357298, 0.11295187126791
0.411377355202387, 0.2525075392867
0.321961983454376, 0.135562594213829
0.466477455652406, 0.254654741119177
0.249520516976867, 0.179330715340028
0.470929704380179, 0.316867952245674
0.32358730621068, 0.17572741882942
0.569640899858546, 0.146185464903428
0.241565255691562, 0.155800099734964
0.32558921336513, 0.170958315038562
0.147171331298911, 0.117608477274643
0.470425271969135, 0.268999790503208
0.377263732124601, 0.203704330473377
0.0802937996903059, 0.0139210781973031
0.0497661223149726, 0.0428167846546171
0.0940433055249091, 0.0387720115820477
0.461333046457199, 0.28027045689619
0.439597141845718, 0.296452839019173
0.184175414009676, 0.107022488314765
0.456155543276675, 0.295887507474455
-0.0196397498379161, -0.097245305313966
0.0550717232219764, -0.130764674943845
0.19274034476323, 0.13788749518669
0.347097544495109, 0.178346329422932
0.476837066056257, 0.229665869058757
0.154724627620134, 0.0756921925403904
0.0762139782420183, 0.0104325470534569
0.234446289396124, 0.105243903921654
0.368348202497004, 0.183936400544682
0.26310318297534, 0.193060659263699
0.40478589802226, 0.274617572423427
0.101310762129581, 0.116768079920564
0.262306536807696, 0.0863040441631946
0.0567776149235014, -0.0117453382973696
0.335803954465016, 0.214859901686383
0.357261187595723, 0.244902868160686
0.141026416246673, 0.0737538541953972
0.234818532895504, 0.0891389977689203
0.0495718081670994, 0.0741019491580704
0.0379036634765729, 0.109708817258764
0.455207115564263, 0.305487506505163
0.221851357248062, 0.105776439580173
0.234420309649574, 0.145330161992728
0.479885999077236, 0.198677602226729
0.157573447511945, 0.0862630904166347
0.261267227742734, 0.0883453903806466
0.429615818965651, 0.201299447613115
0.401487304896543, 0.289571624514198
0.303329538581785, 0.198871076750752
0.311364065873208, 0.145874319332462
0.200842191650065, 0.0837664891475729
0.442513965638264, 0.294289132156067
0.3797397457203, 0.145762646881218
0.398700887927953, 0.266199320593331
0.16324327199721, 0.18751555045552
0.205965402175947, 0.0986581230513811
0.362602936125386, 0.13295555029276
0.24372968723932, 0.118032339350435
0.406076476387392, 0.13834190340901
0.254677082257887, 0.156113204752196
0.0947870849539181, 0.105425037079151
-0.0641667951291496, -0.106981399749203
0.450537182411647, 0.337943036402434
0.183048712338687, 0.107365474404452
0.252494946467215, 0.0898619265034208
0.307333433289829, 0.188280266291426
0.142688258789981, 0.114356297865258
0.637898673876733, 0.449444241478685
0.244048107433213, 0.159226455361003
-0.0563421531144164, -0.0611084539808624
0.337819768638832, 0.225570218830013
0.105390149321019, 0.198976418726512
0.165010586097438, 0.117568819176547
0.54242488718289, 0.252789640795429
0.357014866642519, 0.0895304310364231
0.255873862001431, 0.151506956553829
0.131813792082126, 0.137998104663696
0.438730671867739, 0.273117648618047
0.308041161825718, 0.210703559547985
0.265678015391628, 0.105961604976828
0.139053412245292, 0.0287985176521314
0.214358283274191, 0.133395083047469
0.176147330442057, 0.0445459356692506
0.202923514983325, 0.116370351181067
0.213098042068421, 0.0908495437087608
0.156758205718771, 0.154593390443439
0.251146291856683, 0.14428813734609
0.040377746564195, 0.0858002299035035
0.158005185317744, 0.1455921771685
0.243795513594998, 0.106353616900726
0.470149299417, 0.319876941750877
0.232141418141906, 0.156053804368314
0.135932777480097, 0.155029259940356
0.0314780428946561, -0.0223427729710401
0.391791437230408, 0.138045982773128
0.24668521249008, 0.08405084788014
0.0858334766313468, 0.105616247697236
0.159869889171388, 0.0978457342376707
0.440080195094745, 0.308729218685333
0.326922297661426, 0.0712404655279615
0.272394350696904, 0.19835248162423
0.137173197991422, 0.0807034038728861
0.359717258858157, 0.193657785164714
0.463825567306923, 0.298505706889687
0.266510020720978, 0.182109239476456
0.13127615649509, 0.154766894082991
0.363502698106744, 0.282777278822219
0.357920123135573, 0.21174638220465
0.449242819116898, 0.310102646310844
0.205689666615474, 0.146629938729436
0.206035319932018, 0.0900126519901743
0.036508026428139, -0.0155376647544089
0.0631138528518014, -0.00753285450997343
0.325342135563553, 0.204976728620423
0.374979555954619, 0.118016936764789
0.150981677128085, 0.125627227844849
0.0897348692028363, 0.104913290037236
0.22751088442624, 0.0634621539338533
0.287082310121583, 0.194578704833409
0.184748094505949, 0.160411546345001
0.317021558539889, 0.199273286937598
0.094279487414718, 0.102621003518347
0.278518136771111, 0.145746477027314
0.374011028382547, 0.284292507069133
0.0347947939292396, 0.149747096121661
0.191629827296613, 0.0841237078257109
0.181861263476245, 0.124880393908062
0.423347757409201, 0.285106013067479
0.167846965973551, 0.0929530953573013
0.121073752135143, 0.0836342963015726
0.413639987345307, 0.272683590204385
0.343076450109624, 0.207147616256702
0.161349059900057, 0.0826418605218293
0.335953180808594, 0.25988999359679
0.013391022705963, -0.0294589447041465
0.492484591570656, 0.360154061948254
0.186046154089599, 0.194187064561796
0.14787960900951, 0.134325301230188
0.374737781393639, 0.233539274727325
0.149862995988619, 0.107809744231589
0.446665297537831, 0.152546345894483
0.253986210694302, 0.0928445238000262
0.0491480643749591, 0.117413760045191
0.146658923930216, 0.158787302840396
0.139966796274871, 0.0567993309897974
0.113339510563716, 0.0318885079254448
0.147065253657513, 0.122844141834951
0.00161603604433047, 0.16389593337994
0.319865221477112, 0.13512631944276
0.364732307743899, 0.195178125359285
0.461166125671074, 0.314294376823224
0.200758776940714, 0.120890851464618
0.112801697891169, 0.0473984018831759
0.441697836559583, 0.271666783079919
0.355724015838299, 0.211215504979324
0.431686226182359, 0.277202915405303
0.410009067672543, 0.355631573237461
0.197181640656801, 0.198466766030135
0.325807674606747, 0.172884096169948
0.436257024555202, 0.281043416618565
0.324541306876718, 0.201891326237879
0.194891476212241, 0.205710930468032
0.117841118791258, -0.169688210569897
0.476022764666348, 0.336173259526061
0.0328845673356741, -0.0241394474043727
0.179160933729707, 0.156309228857716
0.473943557017549, 0.193535719172872
0.317736328955184, 0.208707609520845
0.436248656318114, 0.14733505833106
0.269807255360084, 0.188347877264801
0.196366038190188, 0.109172604996962
0.156915521219155, 0.121522902302362
0.24349916398423, 0.140071873490155
0.570727623782838, 0.35835495631707
0.170431143265816, 0.108676337422427
0.138895051880621, 0.0402891783865117
0.0635925053221341, -0.0299469743723695
0.218509472297038, 0.140397647559249
0.188002316296373, 0.136565043811549
0.26697139789267, 0.187439204715338
0.448819987715563, 0.262706557314116
0.393862003041312, 0.222802273071212
0.139683035701172, 0.0687491087448231
0.262936181479265, 0.162687590071706
0.422810500898153, 0.290810562130845
0.257165538319438, 0.184747331739496
0.0718932939280165, 0.0335850404958537
0.297695836107783, 0.23595500247316
0.460261922265709, 0.256690260707599
0.450494668164651, 0.192950753266296
0.3283750690017, 0.14380682362093
0.050528746729119, 0.0426442589025245
0.318067097515061, 0.231618762156843
0.470732647758447, 0.23091906854377
0.352503277392123, 0.126284056677048
0.251571231598338, 0.103149523700546
0.44356949036812, 0.214344115242102
0.512230704157544, 0.208621360049103
0.501130948776539, 0.370302169371833
0.119305378148923, 0.0930559736733632
0.236039661723673, 0.0893706292339982
0.418776471077797, 0.285036394481782
0.0939152671132542, 0.20834676092697
0.424879226869332, 0.132475835701513
0.0871454582407754, 0.0997054678331452
0.184722537332385, 0.0643756405200709
0.200091011745352, 0.0922454544374786
0.458086732500607, 0.114426833216851
0.412401827024316, 0.16542590272301
0.451961333364503, 0.308471472229919
0.327170037778808, 0.214141568483799
0.250346700389061, 0.105305754338493
0.130595708114527, 0.0412717360425132
0.0479266083168257, -0.0142513595768707
0.278116026215149, 0.1830087401169
0.0757677763478864, 0.00069773942325016
0.214997054042348, 0.118903045794339
0.353455085582473, 0.234279393877733
0.283522618371089, 0.0835042793571988
0.348453450115853, 0.133521094305962
0.106731329640184, 0.0438905989350462
0.492238114047447, 0.369872029096026
0.195696078529106, 0.0642525587147059
0.20254324236227, 0.113799102795416
0.256718965286753, 0.166543022455494
-0.176074217247295, -0.157525507164683
0.167182399025562, 0.113355648345469
0.141540805035102, 0.155364857600891
0.256085830759108, 0.124997130134137
0.0595128148773858, -0.00641694976226617
0.442710466546412, 0.22095008927582
0.0772760114989622, 0.105913809594716
0.194482195139349, 0.0471312528319607
0.206175645167297, 0.130276723001235
0.328102638255284, 0.168709875258269
-0.0857552270561788, -0.109590367216066
0.515723022019547, 0.365823409082779
0.142508888421228, 0.0935680797029699
0.441563795447856, 0.24728195835978
0.1140534193268, 0.0272076048207735
0.0876073972044135, 0.0688284055196084
0.287811675358453, 0.165401926252999
0.157109372198269, 0.121155473783634
0.109664167382135, 0.0449543162210298
0.0824807869200113, -0.00633400863631195
0.473713231830987, 0.328875816558378
0.126997303672722, 0.178930465166066
0.379184352371379, 0.250012516929304
0.180178284251665, 0.184135067750605
0.199023676086619, 0.240671089067678
0.223988091778418, 0.139145331283298
0.144075065795174, 0.0685358400897868
0.398735637853106, 0.171099969767113
0.244607030647675, 0.187664029232208
0.499810426243325, 0.211753774638687
-0.00511172673045867, -0.0567578106406125
0.354822608982544, 0.26496724393659
0.0924788241766569, 0.0333240655057312
0.151222657390107, 0.0554114851042779
0.0912892856616642, 0.0490087263551556
0.207802476285074, 0.0990058965763191
0.472067243669869, 0.329201411297903
0.400939581871454, 0.205194993274903
0.481095605662667, 0.324168415442708
0.415796031593035, 0.271407713446986
0.449524818361596, 0.34859708032603
0.506863205405619, 0.209254700034789
0.419781927151242, 0.161385169186743
0.414932227517956, 0.142601694809968
0.268435143944279, 0.078224575229239
0.384755007374041, 0.147434584542962
0.144612112584726, 0.0847761600340018
0.504343991503533, 0.244318447816102
0.257673025148058, 0.114678092293395
0.456905050446856, 0.289092175313693
0.286662412265844, 0.149027776483558
0.34546335375313, 0.19892881353587
0.462642551398952, 0.320769151096356
0.282889310113814, 0.201939405866628
0.194088150807005, 0.167772113509546
0.254385584596929, 0.0881493579959334
0.0983306237378973, 0.0509529460556574
0.22330668870286, 0.179682045380687
0.488079212450937, 0.268888981311346
0.529550750346712, 0.422431159202531
0.476172576933238, 0.326274603191058
0.226057338376378, 0.195813677030299
0.116102425517941, 0.0290605140229693
0.476461566097243, 0.32227655440343
0.0276972522027623, -0.0252558701662891
0.0741108694284242, 0.0379193858635523
0.353866653620131, 0.208053465128034
0.265824322408354, 0.182862005029224
0.242960632696627, 0.121462015499163
0.128572207064179, 0.137762399780089
0.0729125062519441, 0.0185354735183613
0.175777372465979, 0.107304341244331
0.155096166824812, 0.146770991640739
0.258597497572129, 0.133743973263367
0.156682682053426, 0.166954830579695
0.101070701429221, 0.101365942246772
0.0666587053835297, 0.0924504897652867
0.285882026812501, 0.161141192093037
0.250269375313703, 0.148626866213842
0.0731131091640927, 0.0550684838122127
0.459563375549926, 0.322115516089971
0.0273237803847368, -0.0288056249475506
0.498160708705017, 0.341719068246204
0.0887337397797351, 0.0972462164932572
0.305781692757399, 0.209642218016322
0.146150603711977, 0.0501863494898769
0.247300558245284, 0.145322661055539
0.125448772396723, 0.0543246611129359
0.297933262752054, 0.112004040676305
0.264082928529032, 0.112017755085756
0.396830499639447, 0.200437052560653
0.118063258810882, 0.113685221577614
0.137566829245508, 0.0612647091964254
-0.0359041056706455, -0.0420842687353619
0.455538665402131, 0.245601687254465
0.192491436250361, 0.160285030318891
0.484335463488769, 0.328756832962442
0.107224738580212, 0.029050536960981
0.326697046914578, 0.150851873050289
0.287145780369173, 0.182306181576992
0.459338645739298, 0.315923488397619
0.451380408158995, 0.19641141889349
0.0620436528430785, 0.0826995404096751
0.467651559908849, 0.321794444953808
0.358218217780518, 0.19843510773002
0.0122857985976343, -0.0656235695980178
0.41627534433234, 0.249832778760515
0.471547016594595, 0.323666833127917
0.52634536470046, 0.335974346447612
0.26045314841213, 0.105323693227867
0.128583540194784, 0.127792204402721
0.440509059268182, 0.200918386500262
0.131666832304158, 0.0513958713861977
0.263386005962686, 0.225117653929968
0.454143904855374, 0.309996708628351
0.41761958530143, 0.225438219902063
0.470445637177103, 0.112160610720056
0.386991252772986, 0.202032765644325
0.465885564042007, 0.320797590769947
0.145248060148003, 0.0623090749261253
0.242860050686022, 0.175559088730705
0.165230497397417, 0.100345231885132
0.280390822938515, 0.205023550879869
0.428131002727343, 0.286264782006815
0.302075473478478, 0.173744782251965
0.354310775316312, 0.248307700302154
0.155498749941528, 0.0596326710060972
0.339453678288932, 0.179814742530125
0.0752757681583876, 0.0192884151052967
0.399908137064878, 0.358516147816016
0.315009283303988, 0.236534342510214
0.460325316441497, 0.283588130914571
0.234313975016197, 0.169056754709285
0.0949187940430377, 0.123236749327581
0.468067184890365, 0.222691963412035
0.130742231482536, 0.0326669756972561
0.353794192605648, 0.143040272404637
0.314829541719448, 0.202799778053618
0.159378254669384, 0.0446142854887118
-0.0305884996664226, -0.0851558859179075
0.318588996843973, 0.265169797902448
0.306516538981253, 0.162456335293482
0.496672110081428, 0.201077157925533
0.185844794681143, 0.0389330297420428
0.0573203008507817, -0.008636901055911
0.180628737902634, 0.0778146112489831
0.335918644652163, 0.258872701483641
0.127242445616097, 0.0448703800262703
0.267306216190009, 0.154080701292893
-0.0118775017289119, -0.0768768051971538
0.150043677830591, 0.0623101255715967
0.417223993438092, 0.228158289983634
0.17161382113594, 0.133502798501332
0.0789533134590981, 0.155491765499076
0.447560907625393, 0.255702416731825
0.370535353659573, 0.181988589759275
0.0771018868311863, -0.0403240318674951
0.100870042477963, 0.0807713935406963
0.0892029146606427, 0.0178378822472275
0.232709079659914, 0.12342759343871
0.31566829997959, 0.102876636418134
-0.0985985261364336, 0.110096305911265
0.261973630500489, 0.197750840417849
0.331149977245554, 0.169872697716538
0.23353628244715, 0.159540829604354
0.428283642247301, 0.23325031064093
0.222041346352704, 0.208451179023231
0.329168451909029, 0.213634055093152
0.205762924821612, 0.155512274465938
0.380543796093572, 0.268880992200474
0.36145377159991, 0.162268094877389
0.14082675404116, 0.0684294976976805
0.225776729338792, 0.167915156572637
0.0942429118318756, 0.0866147388336354
0.157025885819205, 0.0965575998562359
0.406002274198532, 0.268017790598854
0.135482896005139, 0.050444776455675
0.0855539214517212, 0.0282805961101943
0.228371982161996, 0.144890743276272
0.478730618706874, 0.248415657506278
0.280344194110783, 0.160278681209769
0.210800632339342, 0.142490236167594
0.370116623179335, 0.243923763194407
0.194150830262501, 0.13039095480179
0.184485853661839, 0.101817193572688
0.227895918632404, 0.236197058188263
0.246632162162612, 0.140761580935959
0.190724580196009, 0.186210334516625
0.13664897685498, 0.14649389123306
0.478459175862528, 0.324179699298262
0.399193826112374, 0.256067441838768
0.244258040425594, 0.18490878575525
0.0764473451231105, -0.00395712738084325
0.332450468593245, 0.157537078642883
0.260972687995093, 0.204652715046161
0.122664051510775, 0.134819147733223
0.432322442598129, 0.2470868940226
0.30226260614139, 0.116163901139
0.392732451364103, 0.272827105095086
0.146802472195508, 0.0312652194582085
0.318407525718047, 0.189386635966764
0.1617493006755, 0.156197231393985
0.284076754947767, 0.195755654565902
0.248711038919846, 0.0704394880980298
0.0694286993852404, 0.118321244731053
0.223395699098795, 0.21981608877999
0.257954770743675, 0.126937336599771
0.378433277612484, 0.271987030742402
0.45323840877907, 0.303310011840032
0.0959658421436744, 0.106183944374434
0.480343403330902, 0.182674397273179
0.104435804706739, 0.0395961571847152
0.0404906152225818, 0.0460143443835695
0.317241213025706, 0.103006190794737
0.146081617000338, 0.0533547746767435
0.0928084159212831, 0.0353935379700277
0.358541520590314, 0.272785253449886
0.0474345555215035, -0.0161727262672606
0.411842034446413, 0.252477061069779
0.252106623802005, 0.146488169713777
0.258581485481909, 0.105253993175411
0.356708640752137, 0.190767217316079
0.187244711158114, 0.105686789838069
0.213164282892054, 0.0966407477207892
0.27255023621749, 0.127835136809304
0.444121671442395, 0.276026642791358
0.322420330278136, 0.171233407459407
0.391226691774489, 0.266204587008057
0.0690572097634986, -0.00203059004865297
0.457884704798445, 0.281391392906861
0.0496056519754734, 0.0660240189446765
0.423780951956019, 0.208147139216396
0.342828210062234, 0.105527943586683
0.286264061292544, 0.152379856267294
0.32783298628414, 0.227788001786252
0.469629932867978, 0.304050620856324
0.189852227713607, 0.136920373231528
0.00864813647618235, 0.146039909692363
0.214405838045027, 0.0941775921675137
0.0740940058283736, 0.019299242342781
0.088883706134184, 0.0222162781043892
0.503280214026532, 0.245850237342598
0.11347690033706, 0.0170765970752106
0.0861671746077566, 0.0170614688346383
0.191999930968874, 0.0404100359154388
0.134561314734988, 0.0822042969521369
0.293536518257008, 0.132830898970546
0.101654223999958, 0.122429736246305
0.342421066974833, 0.177664231856674
0.0970894190850962, 0.00826741170755754
0.17093354369126, 0.0642290090967218
0.103098228627152, 0.0931375482793374
0.434711725650322, 0.16984905285139
0.306104252016902, 0.159349370421029
0.0909854336916537, 0.087844104183771
0.10873149963713, 0.0149862140691349
0.520674662877724, 0.334953309298709
0.0885720554645323, 0.00755884920418387
0.329458131911351, 0.184029004965347
0.434359376967935, 0.213319412583311
0.231133835309189, 0.0617086799488928
0.448994757723888, 0.270594814223991
0.200385976541811, 0.106737109498206
0.29201808144544, 0.090368338533323
0.0879804392927275, 0.0369150994627788
0.0454166369048651, 0.083735440204202
0.061724456093103, -0.0181307239126676
0.0401858715814803, -0.0161996728562654
0.184146961519521, 0.226648694714617
0.387056407696697, 0.21992131658398
0.185063085849677, 0.134933158085192
0.429896922756937, 0.290772072846674
0.393971940878632, 0.264974565399781
0.177543385851489, 0.125743883411173
0.462921914345204, 0.266967250115837
0.245557439310752, 0.150869300394468
0.0147858010885434, -0.0748043812918135
0.239379221118501, 0.117124380594308
0.25856933116004, 0.150275073918346
0.373325962655591, 0.233783431768798
0.258698938145707, 0.168144475897005
0.188574035893593, 0.129873847583735
0.379665429136477, 0.183461372305598
0.104366194376999, 0.112556236438483
0.43811125088622, 0.303928636169249
0.414319864549544, 0.246643960546505
0.376164417500731, 0.242469426811107
0.0696810899644225, 0.0819849724755911
0.374146965719944, 0.278410845831078
0.173790488741399, 0.0634818516256403
0.0883606511217214, 0.0294098550386103
0.314417792706765, 0.120323683613976
0.435351136694117, 0.301575732198089
0.571020314523705, 0.402115322951307
0.137858923741295, 0.0672801339152385
0.0883491857115854, 0.00890446129459035
0.226542013883315, 0.20351769185728
0.0698606060371114, -0.0386257254670281
0.208943587388536, 0.148998608638486
0.0812991363779946, 0.0870010398056576
0.181620161994142, 0.119959768009951
0.154881951825475, 0.087271301220172
0.109844767790398, 0.0497543562610527
0.424114585754226, 0.296211133815022
0.167251297592785, 0.076847315593939
0.0440444361081236, -0.0360587923796691
0.264983791584259, 0.14779954189791
0.278064625516584, 0.243551929251548
0.301636429020137, 0.1991961754147
0.139910731914108, 0.122672024041409
0.0149099766577364, -0.0571965565865166
0.308720824771942, 0.154990742111985
0.150855501898738, 0.042798756624042
0.148495003406244, 0.129497179258953
0.424780396004623, 0.212261352834421
0.468579478269389, 0.279738497950922
0.09087542621035, 0.00652797283484927
0.432203439734166, 0.26007342284881
0.391056306341267, 0.12372725905095
0.294427542243893, 0.186184534383963
0.088991480275146, 0.207901432142208
0.174948435810952, 0.0967609868798329
0.0739746764875308, -0.0105324536286319
0.0967883873618404, 0.0263156102292918
0.127367129611844, 0.0364957540056107
0.550032688189903, 0.390046636465604
0.179471791474571, 0.088781686815465
0.261400048889472, 0.229752309565306
0.117365525214599, 0.0425244326199052
0.234681297455901, 0.109583525984372
0.0487832637353786, -0.0562721817036868
0.600884835193682, 0.377265374994208
0.114097357025225, 0.0323553556419952
0.0303790021905718, 0.162779845097345
0.349469516124319, 0.25385480665868
0.0776477530898485, 0.00238121683022516
0.0833987317730671, 0.0536439485710955
0.0720636003199782, 0.00878181698579236
0.346071972203644, 0.144263322624307
0.270278698781197, 0.0826509091142701
0.340864814448385, 0.148957560992343
0.28321000671431, 0.102756608958936
0.131569404959393, 0.106797188813453
0.24042751580766, 0.108780965587389
0.387726894787108, 0.211576327655603
0.454319129022376, 0.306341087387777
0.106833513616727, 0.0796848043134352
0.169229034597469, 0.0628752412623008
0.509119101158977, 0.375980694682478
0.145322421696616, 0.0898304789111273
0.377039972316313, 0.142116600382394
0.199142862139094, 0.147291128047679
0.275476326788489, 0.150203466525651
0.0187664879455816, -0.095659060536312
0.0907024250267129, 0.0152638567842741
0.170749568879249, 0.0956095007924919
0.0463957481620537, 0.060891026467552
0.280533345785315, 0.121729549399377
0.578438706266435, 0.189854406749667
0.0570082930128703, 0.0292127303029722
0.441201590152651, 0.217898142295289
0.0909174522068675, 0.0802007874602888
0.124519456317853, 0.0474119847808326
0.380712666282244, 0.178483177758964
0.508055153400232, 0.361445619166674
0.242605244422051, 0.0665447592577291
0.387876896784384, 0.212270963366453
0.0807484109413317, 0.00643711465813876
0.071949539830686, 0.00663427165392116
0.474674249975184, 0.358598927735142
0.343702915377752, 0.180650099049261
0.281893704351041, 0.089738571921193
0.336343975171545, 0.145683390999959
0.0694061293907471, -0.015385100353065
0.0688368737836465, 0.0581925696927393
0.198252138246596, 0.111733885125887
0.306704968771659, 0.206884920543401
0.505744856190612, 0.207637202998385
0.419103942899844, 0.270666138285778
0.185075360540378, 0.0702106766059502
0.193716837448613, 0.163103434440121
0.323409710989842, 0.258611280165677
0.361207471170319, 0.212949927526575
0.0826751414057463, 0.0335281721423915
0.0407459282533653, 0.0769163179744557
0.0994594105055142, 0.0771081564290747
0.147988586976528, 0.137534453963095
0.340265054807111, 0.199818275605175
0.235677045876705, 0.195244878006429
0.14839044370745, 0.0939930197901768
0.420726440445651, 0.154721331095654
0.363543556451183, 0.199732777367963
0.398272815953243, 0.247713490318315
0.160785192432076, 0.0617122783815611
0.343057552511386, 0.224836553884489
0.379375918585099, 0.244990321916838
0.0689609711422364, -0.0186562847395237
0.122577274205982, 0.0372610524979443
0.0821210574032273, 0.156669177461967
0.286888153684035, 0.188049968667531
0.177425484730676, 0.0805094925712064
0.360911389451709, 0.178235209430279
0.48209892816814, 0.325533615742585
0.08163404456763, 0.0176505411441215
0.0771112132777503, 0.00111759683134241
0.26183254261401, 0.193538679377984
0.0895507787582591, 0.0133468069657255
0.342613052231363, 0.181117084067128
0.283774182211727, 0.217027622961296
0.195908457723419, 0.11485309851038
0.414122901459011, 0.236630576333085
0.0981784489017885, 0.0278761554220016
0.460669104359976, 0.225778352422963
0.6022714215058, 0.20422613241885
0.162033324650557, 0.138024169268096
0.257850765939731, 0.0914018629519628
0.270330240295289, 0.126161159093002
0.32813237597489, 0.228941166947752
0.309216609952821, 0.200710111632558
0.38703075470534, 0.260754260764726
0.199317072448279, 0.225836875084857
0.0774221505893908, 0.00173026096500795
0.355449040441217, 0.142899979464982
0.375824606812871, 0.217447077497771
0.430557410170807, 0.299154207675917
0.00797101482923047, -0.0470435981077136
0.40483492150353, 0.17764092034165
0.358351805623499, 0.190943762861289
0.142817344996484, 0.0251318429305142
0.23065453654947, 0.154647341002763
0.165560352066625, 0.111980982720326
0.305864544974068, 0.233688116014747
0.083658672151308, 0.0642642242303839
0.211276454303323, 0.185780102797167
0.185702219285607, 0.05726673858152
0.138038870402022, 0.143010549858081
0.153504645940331, 0.0802099730829718
0.47373934849206, 0.25519763912361
0.295170581293653, 0.197629459146357
0.140393339681824, 0.108688325335933
-0.0517165528649297, -0.0523798709637831
0.199547394105628, 0.0577652151482766
0.380529196806017, 0.233424013226418
0.392908103585092, 0.265795709348175
0.094125387610121, 0.0237983923590941
0.403622669345396, 0.264186511500354
0.144490866679461, 0.0500621387710507
0.289909643962248, 0.0901088727819156
0.230090609135569, 0.161723041933575
0.44856627619518, 0.160918787612129
0.529587591827274, 0.350645805928247
0.0838539088933762, 0.00446655295704601
0.464275277062375, 0.315223777608238
0.0594385034055963, -0.027482965678165
0.331402637630486, 0.206108785371093
0.372141115250921, 0.221193100030558
0.369338127835452, 0.273741450967076
0.284058647036601, 0.168305191428874
0.315815435793294, 0.154036986991523
0.358244300088198, 0.214025294263957
0.250631809492386, 0.167192588284182
0.0984889423843816, 0.0987285826077201
0.473015903902807, 0.228529387499976
0.313197446362334, 0.10080019049881
0.262857343624033, 0.17020255209482
0.314337470533051, 0.235684241999327
0.239043666516768, 0.167829615571786
0.222581285096853, 0.0689705274456354
0.0699719556549047, -0.0118545390036889
0.251435093047311, 0.203246888680329
0.325761215983795, 0.206640441827687
0.119333373419642, 0.0887543025879233
0.13113000337608, 0.0730898409978457
0.0757696962364951, 0.0936067821637255
0.210845710300793, 0.120902167824234
0.40036896263143, 0.282727547984064
0.104664360524658, 0.0979553619022782
0.169955162069318, 0.107699607853484
0.257238133728293, 0.117025723932163
0.476799370889527, 0.169678905563085
0.15003043890716, 0.14033551302121
0.400717458187461, 0.284770918248452
0.0772241501682832, 0.00163591361444845
-0.13775359448157, -0.0920090520621378
0.0826540613727438, 0.147501252990685
0.195962532188349, 0.148676811718531
0.129811987381414, 0.0282008618856863
0.318779835645923, 0.223275137748816
0.0816682267895498, -0.0232401560639131
0.178096332583676, 0.112218013332526
0.221388522838162, 0.140632434424371
0.425216182374181, 0.199396486739118
0.262960668213598, 0.251293677525181
0.231806814584427, 0.106871524225514
0.353694479326681, 0.202380715551886
0.159386670276528, 0.137894327956692
0.489369889588679, 0.345049342554495
0.366678202983443, 0.248223574099421
0.146493491277483, 0.0703722060156563
0.37501582986232, 0.253797435568649
0.3951345612462, 0.269928557287262
0.391872592956926, 0.269689007790008
0.156446609283557, 0.0621453602543961
0.113238513603682, 0.0141287685764452
0.383366488615197, 0.158208214595793
0.230623560755326, 0.202965718261787
0.363215404218502, 0.272514626241019
0.245704879024646, 0.183764704720777
0.272223975072007, 0.239690672202492
0.471998835086388, 0.199833266849889
0.425588553416419, 0.273357864253578
0.162515205792116, 0.0395714348330359
0.261916207726913, 0.121938786500106
-0.0643384744454455, -0.0634288036081619
0.448940921939023, 0.214650734445205
-0.226524468686075, -0.153217835679101
0.429850238517301, 0.184106509665768
0.429194839570096, 0.278859513260513
0.157726966602639, 0.0908466526311161
0.19615882886579, 0.103601083552588
0.0934867775825, 0.187888542905559
0.334652350660431, 0.15775065392852
0.399015322893432, 0.24392834560101
0.297830294361613, 0.158287562125264
0.127152169231817, 0.126803325604581
0.40421772550708, 0.203241663766591
0.195682093609235, 0.168277738083468
0.135364662974178, 0.161722379810702
0.395512466557347, 0.248216003060998
0.378199194043526, 0.207137191080768
0.292857623516744, 0.161309931574408
0.430492022856562, 0.273601287271187
0.390652935845749, 0.198658509265992
0.122385503452984, 0.0467978346855751
0.399616307446199, 0.248913804750914
0.194708351703813, 0.0889078019142284
0.19610936068032, 0.108643569536596
0.0501541252163889, -0.0160678548759843
0.194223658703254, 0.163895069460425
0.075980017308537, 0.0037868997151265
0.282357927947722, 0.200877082572778
0.532485435577212, 0.173892404465231
0.0741338352609452, 0.00213349667716636
0.439167206763929, 0.302115353430063
0.424497552215581, 0.831982292250496
0.451707083939541, 0.738629847165579
0.528216495925111, 0.828124917930064
0.585772559026159, 0.634375481944512
0.426219575478843, 0.512461929970076
0.462117505324591, 0.371465947827066
0.396086372447234, 0.908058678645966
0.368299815833594, 1.07732451917971
0.584547539589221, 0.765788930690079
0.310645571335432, 1.05583988267351
0.377612084078265, 0.951548354413214
0.623885521518034, 0.554099399619163
0.592311784297019, 0.591622329296381
0.548708035248184, 0.720130820926785
0.626135031866554, 0.670568931820762
0.461907624498669, 1.08671016546562
0.559390880067999, 1.18073172966647
0.595547885102396, 0.46674686639886
0.403140547160104, 0.962306344060191
0.383935659543342, 0.910350805808075
0.405157624025769, 0.900839060908103
0.595178219596709, 0.663797317299999
0.400108444874944, 0.891162624214487
0.457264934878804, 0.886764250549561
0.656764008353213, 0.593826014978849
0.386071698676703, 0.916781200669998
0.518546860770408, 0.720166345737526
0.598884979980852, 0.717400661630183
0.592247241614892, 0.634724686316493
0.533688111417018, 0.747657944341221
0.37660739402876, 0.802712716844559
0.250268194328959, 1.00979199985461
0.557125009507961, 0.543644242748813
0.374554929476032, 0.98193123983224
0.368521951887724, 0.955926756473605
0.534385188948815, 0.433016725431221
0.506744283803525, 0.818674671744497
0.40948022040543, 1.01542578431805
0.384918154774531, 0.942308371281584
0.376215745781171, 1.0450020597064
0.30657420054712, 1.00031016875715
0.491728990539489, 0.583441827517851
0.478021929741601, 0.809700536186229
0.382386986770009, 0.944442309146126
0.594750214607454, 0.661742862107509
0.467621533013106, 1.09248718070121
0.502679497062856, 0.46835148764756
0.587022616109991, 0.76632951648877
0.525957459933611, 0.732967296947825
0.416588159811319, 0.926844757073541
0.348123044849337, 1.01205933088302
0.472476448193204, 0.537188864098154
0.39025951875115, 0.953639937982147
0.237342981680948, 1.01705727249514
0.638309962982253, 0.585938810903452
0.629074560665828, 0.588486643986587
0.517803252134888, 0.520721219757493
0.560059549916573, 0.505922274029048
0.650168020907776, 0.521515212798624
0.432701370483097, 0.887486485791759
0.664351789564453, 0.773864356504943
0.595820138133469, 0.788327769662498
0.420260659977297, 0.881063555768206
0.644522694916377, 0.59405609060318
0.463655644658645, 0.550633269940685
0.564324250735035, 0.694737499658145
0.364397582865489, 1.00545948056798
0.356752898244553, 0.81009924651395
0.379610878039446, 0.948866909302239
0.612426320051409, 0.619917829086205
0.533512036028217, 0.788265578450623
0.49882983000885, 0.790558593574312
0.620731981456852, 0.575567817465495
0.526461450383532, 0.853458592537327
0.385579272297423, 0.99966308757357
0.234181445767541, 0.781051848262969
0.403022904421, 0.889422073099252
0.548485706553437, 0.421130771732685
0.668962132566048, 0.560522735736534
0.391517618855097, 0.896489283576951
0.532038382686616, 0.789452666708016
0.395242270908006, 0.861617779036635
0.669289798465942, 0.514774191162912
0.555427608410486, 0.68483800758049
0.410315050535125, 1.00448924787172
0.497540178640639, 0.755941973481608
0.490403986100379, 0.507370099290864
0.589135035030839, 0.506487332990015
0.315101748015507, 1.10387133917564
0.2996570646414, 0.763210628278653
0.518361356669068, 0.745825151927771
0.644615916106978, 0.699268242448951
0.517377456156257, 0.772497125311806
0.594398377719534, 0.525931317419741
0.589383472307057, 0.636854712365628
0.471918063197472, 1.04802042702189
0.570355344214191, 1.16953934630715
0.544692215293627, 0.791335258307169
0.592342259001366, 0.569996280255384
0.507465400383955, 0.745323481089452
0.377809152513271, 0.922508522866303
0.663480701516452, 0.510347583647521
0.527238481938678, 0.78103712890849
0.373599484204451, 0.916369374389384
0.523701962592505, 1.14420498570926
0.40646312279397, 0.97586543663863
0.467530573249392, 0.757434986255679
0.495091012078926, 0.680920868565527
0.57187171586604, 0.760951192678723
0.378087529078755, 0.841655625601063
0.326963148660927, 0.889600033533521
0.45718411141994, 0.768046902344217
0.757406215838716, 0.509436295847197
0.564350077386602, 0.656516379664086
0.630189285237641, 0.668045155010853
0.401445318994959, 0.909714087007791
0.410652667874832, 0.914710017600001
0.59523138442427, 0.547489581033832
0.376208416818625, 0.93174329821488
0.436736005789673, 1.0211126887682
0.263161685138634, 1.04837216207487
0.498664801517286, 0.703446977830592
0.518513656704396, 0.714440121585657
0.599425524190939, 0.654256278116955
0.553184120208397, 0.540197784372927
0.604676838715194, 0.633979525357482
0.538102888592713, 0.817563081700083
0.627253274563383, 0.509495985824434
0.546455272675615, 0.74093290559879
0.467699554865633, 0.866165090999869
0.61918280492401, 0.648345747257772
0.461031256045073, 0.817893737756154
0.648764872075593, 0.550347911163446
0.448319517544821, 0.864349753227858
0.544745203182549, 0.42998682010246
0.429739362050229, 0.834583211219919
0.500851725294007, 1.08909446284121
0.633180210390902, 0.533098393017253
0.634175846130432, 0.674109808560508
0.700632235506234, 1.22803772802432
0.614939933411044, 0.750557411706787
0.443633356647573, 1.04796669306825
0.508865504021063, 0.691976969352471
0.390281401186821, 0.980974562246242
0.544095442978078, 0.468651282116538
0.3421659832472, 0.461099598881889
0.652658064706694, 0.596649928069051
0.38644782332973, 0.938274633948802
0.669854854865393, 0.442252178599322
0.535743619855429, 0.793393979562819
0.385485683636697, 0.931054998790439
0.336968485915897, 0.797684145831034
0.587594147985581, 0.657340892351699
0.391710629754751, 0.985741376714917
0.510781303103212, 0.831075955379139
0.292189950468089, 0.760809753564232
0.62834349169047, 0.49011763719247
0.730466485549038, 1.23711256534987
0.577289103696141, 0.420787019663215
0.457754926387139, 1.03103554055422
0.479137960469712, 0.85455406623589
0.540529070524007, 0.483976515156241
0.376280441038505, 0.954532892423324
0.432439424182362, 1.07669044759441
0.382930567723342, 0.759704081996838
0.601461389109887, 0.624896888321142
0.37274457487105, 1.01136910117302
0.38548304290404, 0.946059860551683
0.806761256586594, 0.501800374942595
0.588287805324241, 0.3627245043369
0.549255515660576, 0.683741176688489
0.60455333815809, 0.794783031881989
0.454624521808938, 0.859955338478059
0.639096073031145, 0.733536185735214
0.381822677157217, 0.936156256379794
0.718249522297183, 1.22828427551721
0.42597031166737, 0.836237572659221
0.514719134983041, 0.878925587537687
0.374803653369531, 0.980512315830162
0.511027862821561, 0.822107037859639
0.619862010964976, 0.788193735025738
0.533165645230154, 0.410710432795806
0.545499852990849, 0.720668412218655
0.361781798853443, 0.831234510210481
0.475468679359303, 0.470549695418179
0.54500148215736, 0.665973909927128
0.624774686666156, 0.59812920720844
0.334838471643988, 0.85798825519657
0.742781218148234, 0.501031368195606
0.594683006706862, 0.623181591669705
0.520642750583779, 0.450714806235343
0.455526465976164, 0.878134703598997
0.833782127909434, 1.26137447011811
0.341390371249835, 0.870464733802363
0.594012974912366, 0.767584353088908
0.46452651695477, 0.735512497681535
0.60290446455117, 0.553067144205495
0.530503179127621, 0.862973437541293
0.442694969444736, 0.697025678447604
0.595339503730048, 0.743762719955214
0.437039577742807, 0.864768201864263
0.45292481871817, 0.792336412871846
0.605239511423675, 0.646431793465297
0.590344674305347, 0.593157779689059
0.525565957385602, 0.383251281357558
0.669125235853936, 0.551373130932776
0.592087173341453, 0.635865407506474
0.649785784530369, 0.756417347926824
0.49011214665639, 0.743167054748249
0.657889638022656, 0.473145967472482
0.59378292546768, 0.424856401428435
0.355635500511186, 1.04377090213644
0.569664337639609, 0.708159209155088
0.659878070043923, 0.530355296465514
0.486501084849572, 0.72217778595907
0.567019838267649, 0.500599587453957
0.356827820881154, 0.821648935694173
0.529430311313485, 0.803453658460402
0.569524671393708, 0.648381529006499
0.406628180037678, 1.10285610667286
0.569964211671078, 0.651307180073187
0.509640294930867, 0.423362519965345
0.488028446120285, 0.814794076056999
0.32759856807436, 0.902972048845734
0.605246308148401, 0.553227265143524
0.601819759108195, 0.630186883716055
0.515856277277178, 0.880472227468848
0.489115969477741, 0.726416645622139
0.638965397794662, 0.588767429040521
0.471039479166024, 0.53479148572271
0.467410357179052, 0.380541708368665
0.524925751192768, 0.73976634874564
0.400060076414019, 1.1255407941263
0.372170762922012, 0.743102310143692
0.460212232015711, 1.0413174369054
0.592033764155769, 0.64613529598871
0.559393391139929, 0.794671517118377
0.272212804163461, 0.817614730921709
0.393237016915619, 0.92135896722496
0.414252669590967, 0.864392988559252
0.684983418890293, 0.673622578284163
0.529972335154256, 0.748526930457872
0.365091238198811, 0.917772780425152
0.39741313116999, 0.976092212359575
0.730524909624398, 0.798358548548863
0.593734194128157, 0.741339981469122
0.583403090775075, 0.704008631137501
0.567730271808631, 0.730209961353505
0.496372430017448, 0.746443588541583
0.526871891392187, 0.739786457188117
0.544742657064468, 0.578545590343829
0.397257585929881, 0.890439435313281
0.658027861655829, 0.503848878451268
0.374205738901035, 0.82675147450752
0.319867778620806, 0.228373348161985
0.732987309966023, 0.710997043846626
0.563476055646819, 0.670182597214086
0.56926120652899, 0.658548846264431
0.352771407941601, 0.434551623840677
0.479287278802399, 0.880122811041371
0.301838657222891, 1.09324290668656
0.56831321314237, 0.747362979904382
0.378170208708975, 0.9491423633032
0.55711487181334, 0.692169092938161
0.600743400415491, 0.609680127830209
0.415238311390463, 1.10277098301175
0.614346273394158, 0.644403940960086
0.417977639293549, 1.017769820368
0.499598953887061, 0.755359457736448
0.538137483367872, 0.399880548890716
0.308493769854745, 0.811606861841281
0.359246925444194, 0.237891153719878
0.582008090440686, 0.594330815390829
0.386684634213128, 1.01382227951271
0.615858463320301, 0.622271423452646
0.529352235200318, 0.684463358927467
0.440656032500159, 0.909608756046489
0.613995141090786, 0.450372915928027
0.634461636072766, 0.572673979415184
0.318943653248425, 0.152877035261578
0.528612170014337, 0.838207297257954
0.649284641690516, 0.665930083125513
0.534815509864161, 0.810876306210612
0.576961092546043, 0.843472366441815
0.548721737352206, 0.773226684410141
0.533523447123145, 0.697231944286687
0.301148934828987, 1.066431667025
0.575418953564298, 0.700946353081215
0.595095164480604, 0.648274646299944
0.668504336070805, 0.699648408664243
0.536270897254444, 0.751385391623383
0.585851987405392, 0.561023578762748
0.403194986857953, 0.922847339404064
1.26685333156891, 1.36478812362908
0.667023309969541, 0.766061768497244
0.408954502464735, 1.10769509318932
0.613605775504793, 0.662229177388438
0.365302558588545, 0.908242955482017
0.368456986070616, 0.964835852657845
0.541140029545577, 0.59694839470748
0.523152486103476, 0.723160763009657
0.59678701323585, 0.541071275373956
0.366317258386753, 1.01282233484064
0.382338156431916, 0.937378858697759
0.492729949184198, 0.731674630788101
0.357059433759759, 0.797727745052846
0.610084148112244, 0.620269296215426
0.659325411955115, 0.571190494284134
0.666984523173574, 0.53257920023752
0.520000292876806, 0.724571717837529
0.460430467541478, 0.781900700887334
0.61879730523043, 0.610080683047559
0.514132327105583, 0.381243311156607
0.370741618578181, 0.958864407903087
0.401242600818264, 0.93379814753072
0.394901422504512, 0.975746263992076
0.388617020976285, 0.934361422535895
0.382386389850785, 0.982177078212981
0.638352339073473, 0.724282326987786
0.520958879487708, 0.680430178668761
0.446734819392048, 0.770560856474167
0.379822756985738, 0.953645996555288
0.377429973899247, 0.766683706846652
0.363541184472649, 0.800709081823396
0.482576642582615, 0.831695951158784
0.54348036736047, 0.696872043664718
0.540366465814724, 0.832778335610211
0.63575782740664, 0.585865436890742
0.573606389561038, 0.659716124570296
0.461331354593116, 0.795135161333164
0.509239533724463, 0.735870623557642
0.463926243126457, 0.780654571848356
0.568567069096745, 0.498636608268244
0.558449957169938, 0.652893168808083
0.591633384151318, 0.561502532773629
0.374514794055589, 0.951641156904419
0.512171619923392, 0.688553648141843
0.576791184758098, 0.673066678293053
0.673913780590354, 0.505837288959608
0.591258410573466, 0.838628950115128
0.316639386837989, 0.986529428492902
0.575038345041386, 0.606383354395829
0.311172848570131, 0.810527407191543
0.583203620517877, 0.734999316085283
0.632031295458082, 0.736445723387921
0.453066355887917, 0.713336361877569
0.352176265366797, 0.9035910200708
0.445272208466853, 0.875997808033082
0.611481239131798, 0.619457991214825
0.461725589487082, 0.822790543523347
0.298693723003867, 1.04847879995905
0.583253586927223, 0.66594668472919
0.513841229682779, 0.754140445230653
0.663395157242633, 0.702085373300586
0.40606581893119, 0.725273602981273
0.394501269622381, 0.875108989860264
0.587739142344848, 0.715344008015085
0.492154032588015, 0.487282093483924
0.599849002074488, 0.677849045290825
0.410991768296189, 0.904959543979191
0.611979648302413, 0.718230338656232
0.507405067402815, 0.7164207683841
0.372620129032584, 1.06368050966568
0.344035368665923, 0.23366717750185
0.602998434456937, 0.736767716015638
0.496429415059335, 0.748467722341646
0.60206745130281, 0.617036056168302
0.619334595472194, 0.789699799971814
0.467139660664078, 1.10098855840905
0.609941098781414, 0.618036221017729
0.429860405026755, 1.09426548446139
0.541052323422499, 0.370979828901685
0.528214722658583, 0.799220787075507
0.844073316741311, 1.26197540854364
0.618647095110664, 0.669365542257975
0.359245315934267, 0.906555094496982
0.456036065673344, 0.865183612589271
0.582269020552457, 0.788391952985728
0.394009428154607, 0.868459141340742
0.553399697575499, 0.782666731433855
0.590986380706685, 0.595660647410633
0.474619260514522, 0.820240494604739
0.52134057666569, 0.468582898575324
0.387626080368335, 0.916445561055238
0.763088356500744, 0.490344181050223
0.615290516687966, 0.683421032989842
0.436831696400692, 0.905906453474987
0.584290589598341, 0.653699960223165
0.498221359322201, 0.339008672580254
0.383575794810256, 0.946973700711734
0.596109529909441, 0.455500202417868
0.620776740614979, 0.611866659394404
0.410509666409362, 0.84955376742317
0.690592796625716, 0.561020983314726
0.474447016448627, 0.822328719171147
0.460042813498713, 0.827932177780567
0.515137843151155, 0.727787571940776
0.574849276323586, 0.690113438557943
0.426416446534739, 0.914989849615505
0.481342941886298, 1.03451314206897
0.562327878985048, 0.571608649916343
0.603104551702784, 0.618166449750644
0.584270615485421, 0.746528965346788
0.596172322353793, 0.636595346191373
0.527264462553338, 0.365932343157581
0.589811164460156, 0.715989312882247
0.487554953521315, 1.11586577643061
0.484126304932896, 0.99696310256998
0.468297602120822, 0.759218148687778
0.568337451080699, 0.733702156618785
0.665365509226327, 0.540392095848069
0.686793185480665, 0.804394294198808
0.600049485261712, 0.622245536305559
0.419481407862664, 0.781722161847655
0.433839356271749, 0.759687885747419
0.615644080924142, 0.60291988428363
0.518413171584913, 0.68013189449593
0.382514709432094, 0.953301162085178
0.991430204690153, 1.3076072673955
0.678889312753147, 0.848367938205045
0.475776556754082, 1.13783790720171
0.62715224352473, 0.552403057635168
0.51951606425703, 0.552335074093834
0.536103722473457, 0.710866540481858
0.556277428859428, 0.733974249397593
0.440507473766754, 1.14026337741288
0.474558558577387, 0.232828952774537
0.531952556671586, 0.730956983627945
0.487450470969137, 0.891099609469569
0.529896778162147, 0.822641977834732
0.444490084786773, 0.916217578900081
0.734949547728133, 0.794556948221159
0.378615345061961, 0.742509602274063
0.45943942690213, 0.793975400303933
0.418822268269646, 0.885560536237893
0.5812185226138, 0.704127109542517
0.475110859577487, 0.999815488481128
0.64740611133414, 1.22202948089386
0.643291056681104, 0.799170874356226
0.457872544478793, 0.789902320865107
0.586692406428661, 0.457322905690238
0.417707221968108, 0.84950190621774
0.479165373827592, 1.11440368734911
0.580415803509779, 0.526889424250692
0.498340420458885, 0.869579695833886
0.491359872058881, 1.03751573826127
0.377833350331497, 0.800939881718998
0.60289120022386, 0.591502898210282
0.404661686377603, 0.982272908350686
0.634204630101222, 0.728164650967333
0.612832054567432, 0.615684986066954
0.386835474334335, 0.947211214874619
0.541754299195387, 0.671893487767688
0.496082314228695, 0.715077739628713
0.593330099190953, 1.16692949497208
0.527849351662029, 0.540415169146015
0.464395317657061, 0.882288712979006
0.31104463493795, 1.01909349703367
0.472085934457652, 0.52431151542244
0.432714003461066, 0.904551120208889
0.373188489301539, 0.877702488206298
0.606579069778047, 0.579963465472851
0.688048889846184, 1.23188125916935
0.620713090128193, 0.480768643212836
0.3573453587698, 1.08694038841681
0.326061325118709, 0.971801778800613
0.374958141920111, 1.07811249213115
0.375392844168545, 0.812227224692619
0.71967000189387, 0.508046374796054
0.604513654576059, 0.627837937911758
0.536292855125487, 0.662424887338929
0.304190962636159, 0.988106397615213
0.520926977956545, 0.747604307330498
0.599240552806966, 0.644958555343677
0.712767366415076, 1.23541413973648
0.298049998115493, 0.739894269998447
0.553138212423971, 0.680417926734937
0.595263083340632, 0.613466036228978
0.54477322855573, 0.783083463608772
0.477452433678538, 0.41351192482498
0.602455909059213, 0.627235916442377
0.688292115457545, 0.580333290379753
0.402710428767542, 0.926174690392273
0.586362304067235, 0.539905088274147
0.60092701524997, 0.460669622142531
0.548552191737404, 0.725739455670341
0.314617872699046, 0.889270821960216
0.58705487515668, 0.665404628350499
0.699330402357672, 0.429582865190903
0.42068180768413, 1.00121453171275
0.581479075142237, 0.802886087914388
0.634734272262136, 0.577341158065035
0.607097998298912, 0.680468875045633
0.324985234033001, 1.02747133256948
0.587545235328985, 0.793516761660726
0.530855294313095, 0.691904948004433
0.612761652168985, 1.16598136531311
0.493632820613597, 0.735074980158838
0.63830107368962, 0.671051275576953
0.401048893181218, 0.970307525607681
0.396572917161869, 0.800746389449662
0.505672179711277, 0.818287321125845
0.568565606242941, 0.46237220117633
0.352895719492927, 0.879375423461821
0.600056001546742, 0.615695741697162
0.38453064490131, 0.9459297652019
0.429994429978599, 0.84425447458875
0.356518055567263, 0.886724420720315
0.362295846906973, 1.00164466279543
0.436988400836868, 0.83441873167036
0.417121700414146, 0.898982786310238
0.473678950775205, 1.01024555797959
0.409478300162041, 0.870235692133829
0.343830241986472, 0.853816432758768
0.376976255070213, 0.832623534316974
0.683182508117786, 0.7571417429265
0.484179334954281, 1.13020651069001
0.578422925027813, 0.535497288756996
0.607941874401944, 0.62662476990339
0.56602431124095, 0.476226893074087
0.473383946144913, 0.796538017705169
0.591203880116358, 0.656669225311571
0.280307331552736, 0.804577664208627
0.600288509581908, 0.776130319771379
0.517961971521832, 0.354703753036767
0.589072919700102, 0.616952480629777
0.490975138900684, 0.341524331688085
0.579809411297949, 0.440563516674236
0.391201789465568, 0.893058703924245
0.395177698945237, 0.929284199359983
0.39844333158366, 0.882231642745396
0.54705862543873, 0.714246119311746
0.484268700200139, 0.700407734038422
0.371231014013517, 0.961135141895421
0.559269780406717, 0.813510718258648
0.469387376732722, 0.843708887913399
0.469566297360019, 0.761360034700463
0.557963408519586, 0.668578644375555
0.354879924219343, 0.486278934964305
0.373802492433871, 0.956969667507217
0.518751031373402, 0.707550855571453
0.429921334500346, 0.462357046988109
0.825565867718979, 1.25908186030499
0.44744520272443, 0.87858973144879
0.373314880489287, 0.873596845951609
0.49147012573594, 1.15205753081755
0.509894462690549, 0.448207916691897
0.4557698245687, 0.991707646207361
0.350664474762437, 0.967229300682509
0.409884344012834, 0.759140859060282
0.441677787103282, 0.70562107784868
0.421909529088376, 0.760189442024851
0.369239539391908, 0.989702287453573
0.589508774399905, 0.63372255338958
0.54381673475947, 0.421909791490149
0.623760597266844, 0.579634079691023
0.657001650287955, 0.741331764235431
0.53527083908077, 0.70604218097174
0.541222729701957, 0.734334319628321
0.476236956329344, 0.745632694724434
0.616866227734805, 0.462730719012936
0.582638173059921, 0.673230861366846
0.507746365382913, 0.509034402862795
0.45037659271326, 0.299783971578393
0.626432499424429, 0.838566447979237
0.662962490068547, 0.568889842679878
0.363427852631883, 1.01866914348158
0.449947701444472, 0.48012794540115
0.498298477456903, 0.711931643829747
0.338182323108123, 1.01420722726229
1.18775346913098, 1.32918250036483
0.625440699546327, 0.785848588955891
0.371644280750179, 0.975230862287918
0.636114583967144, 0.533990414930826
0.755953689355194, 0.520186980732951
0.770662013789595, 0.5590968025082
0.614530496193219, 0.482052462578982
0.612844234005083, 0.649471777960293
0.578716694134623, 0.573126270916963
0.683179046880667, 0.714129817210839
0.529107412271314, 0.396075018559176
0.608403230496445, 0.607812524780128
0.560683259146238, 0.843922986183342
0.387377831598161, 0.884332278544255
0.428245743949383, 0.784888133597954
0.620542085501988, 0.712340745350909
0.603766536778803, 0.61774068863179
0.444118629444036, 0.801094560366804
0.592258771252168, 0.688033308781037
0.33267520024287, 0.979445526287384
0.588532987868001, 0.659399491103131
0.218859465357877, 1.01272279344392
0.625972168643238, 0.650998383439554
0.613391083062379, 0.65703945738625
0.64453379423881, 1.22919668885013
0.493888798268334, 0.845245992537808
0.555500346479991, 0.792569520530399
0.599886585958272, 0.6464178505208
0.470420667941601, 0.817292800544468
0.327754546581693, 1.01256373923436
0.38893258561171, 0.989483578605054
0.595523535401006, 0.602950943667806
0.600507787076045, 0.575778297997704
0.392193237629801, 0.935562838205457
0.536535394497107, 0.560589628112354
0.603820609432621, 0.629139572204494
0.31879109074653, 0.859883684460024
0.436487020227534, 0.257549303694082
0.516352007583217, 0.728121769211615
0.634808024733073, 0.591210926398942
0.601249773706336, 0.708743924656478
0.591496819102797, 0.838166058384542
0.524029089265, 0.719826201370774
0.520967083962656, 0.347133823025652
0.557028872141074, 0.541542739867283
0.570020045433927, 0.646473606063832
0.46819898413025, 0.747735048431126
0.51171853787348, 0.866726503286381
0.592978004650463, 0.621773051047417
0.592518620117393, 0.704833734239182
0.427722665548072, 0.802004213789493
0.38990833240135, 0.917038604029803
0.569059315378649, 0.784390485974692
0.553125529650279, 0.416933508592677
0.605704531284312, 0.509587586979959
0.416305127535532, 0.230217792078088
0.64169187523768, 0.497878950790311
0.44652960949825, 0.88434786518252
0.540285605934242, 0.418488914515648
0.390694486981337, 0.934523804986638
0.512543201673106, 1.2092320523178
0.594008700394743, 0.749170822673336
0.405695589277954, 0.927695680721074
0.776634987492073, 1.24577500615432
0.372647898477705, 0.97714879028959
0.336491010888282, 0.761777378212267
0.467634042383174, 0.805896228333949
0.390343459946009, 0.859212859913544
0.403347360694448, 0.808882519656116
0.621070073651402, 0.638470661012416
0.648014201972326, 0.73136964663553
0.392343978653167, 0.286291277201673
0.398928581554169, 0.822774213283565
0.662981127983308, 0.599052644108647
0.465722682885097, 0.81625075089206
0.537398762702581, 0.50126818856032
0.386343353819704, 0.954275435875072
0.314855601496842, 1.10393259317547
0.365309760706928, 0.931238036282121
0.720335537036749, 0.467499614209879
0.310961217355756, 0.978463064876081
0.487814903682139, 0.350732629818872
0.497738776846509, 0.737340485336113
0.50692864342069, 0.719909694155936
0.604256300963514, 0.691400923105197
0.378682818530754, 0.924016826947504
0.443613476493891, 0.849278059860591
0.403097411715977, 1.03836197189212
0.701450991048973, 0.52173813435135
0.583906279305097, 0.600155053700461
0.568035912148558, 0.591605304735653
0.364050354872493, 0.971641197524245
0.340091959835945, 0.783259615362126
0.522459029926812, 0.408131666542355
0.667741245385864, 0.755222115384032
0.658899844616791, 0.762740509387184
0.48466184377636, 0.325800703018509
0.630840279626483, 0.714876552600996
0.492685089255217, 0.491716964453144
0.589043620123671, 0.778841081856148
0.56861043609941, 0.478960423868706
0.515661309294302, 0.801790446447852
0.596264308135759, 0.515059010483527
0.500337453316562, 0.768192009200536
0.414534021930772, 0.863215380985778
0.604534823809906, 0.52686051967977
0.584883695487395, 0.650174678388823
0.547563108652833, 0.760605883258722
0.370481145562106, 0.889201557454626
0.603073883880959, 0.435972768045783
0.6055868309922, 0.666078304588962
0.364615896085483, 0.424058228704744
0.255912516097818, 1.06139996295095
0.726039422228773, 0.768193214137811
0.376807553641357, 0.96818036270559
0.363076644580335, 0.852057739068324
0.513028980073608, 0.846558477531544
0.560759165465684, 0.764256182753755
0.344163133252492, 1.04093213672341
0.663993778085279, 0.74807830627585
0.438070244097205, 0.883189852664895
0.389532397465548, 0.986797386420149
0.60843976496437, 0.616306547366875
0.605634035533491, 0.621708752756971
0.511022421210187, 0.780758814995837
0.454916282180892, 0.806050151513993
0.525328364855873, 0.880627889601314
0.680986048213018, 0.505653119476916
0.641446470611572, 0.749628905305428
0.479766573989387, 0.850217001670008
0.471213528300114, 0.849496812016844
0.561679176934281, 0.727704718249793
0.522069646435981, 0.490874941289017
0.593591146521014, 0.702633188474946
0.611271154752111, 0.545394732293903
0.552911351658166, 0.551412242173439
0.388587863017959, 0.948513857322723
0.509955668347971, 1.04186441651547
0.358504745142725, 0.973640115857613
0.344334233188729, 0.964920147958314
0.394490053840394, 0.951042904866128
0.568773448728914, 0.677426258619795
0.494466597466437, 0.860423424114747
0.489488918703685, 0.730570043230025
0.461793789929175, 0.833948447383344
0.430257242741743, 0.710806900679562
2.6539345795536, 1.51409777666308
0.385832961682723, 0.941736606204938
0.628778845426333, 0.701192453997171
0.520739614117165, 0.73662785575172
0.46079817665132, 0.349172767141936
0.45370927484284, 0.861695955537993
0.474736081844828, 0.526055862844567
0.556746551941547, 0.407145283692326
0.481694963672383, 0.853857362851786
0.493259853005325, 0.849722354046335
0.620109218671358, 0.46338063921103
0.552680065363848, 0.655627466896991
0.413783485459135, 1.0291863951578
0.434268003340349, 0.912850795249658
0.54228115701002, 0.818246239040944
0.637859453698531, 0.553305269445896
0.697051920178413, 0.659979844561114
0.566957526982854, 0.721931123384115
0.609198135284914, 0.665448156339463
0.6045912800004, 0.676717216543411
0.42933950942343, 0.793427319809188
0.561901980907166, 0.450526508566002
0.409924037154141, 0.793252090450032
0.610014889914381, 0.573230383647373
0.385777713504062, 0.978174851353666
0.322598244362392, 1.09765168667662
0.562373163769261, 0.813873358650994
0.549951679844369, 0.690677858599841
0.400125226008823, 0.841740453402985
0.570889396272444, 0.677975728696163
0.615955991126687, 0.539392494928059
0.440215470078241, 0.980967814282085
0.528722128228586, 0.76582077970873
0.389752645532416, 0.933116703407219
0.562312016459602, 0.355491786286984
0.652923921216894, 0.570095951350426
0.650102055832064, 0.762215708396804
0.635465845428817, 0.586466637057399
0.475413586873314, 0.79459329851842
0.392860882776813, 0.930715162028275
0.471730969935677, 0.837532183073899
0.531432569394776, 0.671190124431344
0.620212192817056, 0.729638355180289
0.436559739457902, 0.891658798493507
0.656730037178039, 0.562987239861161
0.561133497472926, 0.851564825770705
0.597492039625463, 0.626956434892408
0.572400291784432, 0.596995281702451
0.426692476383536, 0.701516351409808
0.702494804929891, 0.735708354919678
0.394686486123123, 0.928260369234732
0.408003374876061, 0.814516598238073
0.521565897198998, 0.795115645840618
0.475918268335593, 0.918200992438832
0.741698862333736, 0.755353366879688
0.595756628044391, 0.652130102625446
0.605303212173368, 0.618853426459111
0.606060142895351, 0.735479187408508
0.173282139690185, 0.146415454857661
0.643448894574745, 0.388844127051842
0.599933417473686, 0.638830115159839
0.569341533118144, 0.739618661269647
0.603972548358794, 0.86856675807239
0.493338877355499, 0.381989326733178
0.446181862327004, 0.739283710810335
0.640321284320974, 0.802764044548586
0.518111204706115, 0.760539280302117
0.688279857025311, 0.509271224299219
0.592222141767386, 0.540225395421989
0.450653811085885, 0.793393176490527
0.409492251302975, 0.972981363025017
0.601411742755814, 0.639729288019525
0.614968105140305, 1.15803904442649
0.374413900994001, 0.951847086470263
0.593078777402336, 0.597081205810334
0.46574638058784, 0.747157931853645
0.317666204356082, 0.842432780529319
0.507887993117612, 0.703768020429328
0.632872140605019, 0.732715719022047
0.572324443709413, 0.651892019680047
0.383882089634076, 0.93746496227538
0.480344934484236, 0.356951935558078
0.299773365228918, 1.00410225409247
0.381962752126792, 0.958370092289217
0.377460186972027, 0.952619402107094
0.547935824952266, 0.559016768992304
0.598041766014499, 0.681965174213803
0.362327025984051, 0.975870068710829
0.894680214806925, 1.27794805708911
0.387341174837313, 0.888365614334769
0.594519952217855, 0.807558917390098
0.464938132300828, 0.707028487044511
0.370929337718153, 0.840590469056581
0.367814623662518, 0.8443586480246
0.487267606845077, 0.791967696147102
0.614728141925779, 0.757278872425084
0.505739314089182, 0.39583833141855
0.537080906246314, 0.772923569193912
0.526422887734411, 0.748224488993606
0.396639722233553, 0.933439102170813
0.627731659000355, 0.660855829289541
0.353196485226175, 0.913917069382467
0.449616820966601, 0.838060531209062
0.429641413573432, 0.524634177570371
0.557784235189499, 0.48986690335762
0.658906413692068, 1.19297026574995
0.595534186218862, 0.609354475034966
0.728823106555104, 0.570734277812685
0.599414467762583, 0.780523892696351
0.623350520492741, 0.702557371860958
0.658272221374664, 1.14105070653666
0.804123081026355, 0.548794927832666
0.58992272870036, 0.590048301292261
0.476185069173186, 0.433655866001785
0.623715804733627, 0.529314215015509
0.540070968591685, 0.568301987310034
0.584901111527651, 0.386801853504814
0.369855467856983, 1.07302858782713
0.48358533766599, 0.8138970597292
0.430400915438165, 0.862950007237562
0.591827504024084, 0.590666082923027
0.564159316665605, 0.486400232441457
0.531689347428265, 0.34180251842679
0.496068913670833, 0.747560122399975
0.605935334064478, 0.611050146171562
0.554657813908242, 0.689175555608103
0.372051495170823, 0.989483895455596
0.573253101476623, 0.379522163992358
0.577844896878827, 0.784438217626002
0.62118054406844, 0.683410291622266
0.434962639319694, 1.00949188076965
0.401196913505193, 0.746530029498061
0.497856140034626, 0.705820862695709
0.450265161910489, 0.46123464665665
0.59844569459186, 0.626910045615434
0.277467683085369, 1.09235667355012
0.390002011751015, 0.833050435395105
0.737685387372423, 0.559551879361688
0.462527090661285, 1.10056261064762
0.523105110125354, 0.182747150991132
0.386077778239192, 0.926411470775745
0.559581512221286, 0.468885055577174
0.602833816142509, 0.699816919866516
0.512001816175377, 0.768500470529387
0.387497809468701, 1.04499843358931
0.476440896056955, 0.401882552135826
0.579548801617608, 0.648389066670474
0.586694245274645, 0.644553313655489
0.629806082620042, 0.749458582390816
0.622438195078947, 0.616629881129412
0.459827969095283, 0.726772058212252
0.619354436361427, 0.760882058888066
0.619537656073426, 0.714781952732522
0.595843198924432, 0.637295739716082
0.621821257571444, 0.650024625163612
0.610464765409995, 0.736652685267002
0.602196108265677, 0.625535420089487
0.580059320491785, 0.691585422854961
0.441164706713797, 1.12145886950738
0.609662869948792, 0.645565409857759
0.613786777851379, 0.660229091806413
0.43398776013105, 0.293733974810029
0.715968132613375, 0.534662808957549
0.551440398116788, 0.498312383937519
0.605588007566729, 0.613564752807196
0.583363519729817, 0.604279188271849
0.257556489784649, 0.151598771906914
0.517729303701799, 0.448148786593824
0.516439528015564, 0.833002424148355
0.453357740533541, 0.295172667153127
0.469808295292507, 0.76863415057683
0.594575600204504, 0.624221303622147
0.326593003173399, 0.895518458981181
0.589328982596711, 0.607841509622243
0.425544136027085, 0.737883570332799
0.385830220161806, 0.960980925510549
0.546028917023391, 0.790998937369701
0.538409043411168, 0.857520170097902
0.571337948346373, 0.493895186505878
0.570467062674737, 0.814878418688123
0.41346920396735, 1.06872102201005
0.451168536798165, 0.71235190646657
0.388660505414311, 0.892330186970183
0.611151045149688, 0.611015859293714
0.579608819865096, 0.830790042807554
0.456378827401334, 0.905526143065115
0.414280648935151, 1.04268170653393
0.607050254899274, 0.470854406669218
0.430290897987158, 0.878482503745158
0.612241160994876, 0.468417525946776
0.318623025680218, 0.819488615685152
0.630101900183113, 0.555725818439874
0.651625920384523, 0.553272372776248
0.656804299995939, 0.578433716637244
0.478996665783581, 0.826336666712396
0.626179845500384, 0.75625156514914
0.526879146467043, 1.12788212632725
0.550033392267973, 0.575206977347977
0.599019720498151, 0.62887910218527
0.368426947483869, 0.893470278315695
0.547742336016188, 0.54915098665274
0.586141447756852, 0.838036119622484
0.46831556162555, 0.820791310531136
0.453526198164989, 0.362238543718374
0.617653554971425, 0.464823339577983
0.467765350148429, 0.877369330918807
0.531899279054975, 0.796459542838209
0.643740966506992, 1.18239222812663
0.375390844596204, 1.09804966893804
0.603763224618789, 0.524798083833482
0.667023193030674, 0.703847872331947
0.402033233692892, 0.712878572493462
0.361826188830037, 1.03405512283595
0.491096836797028, 0.879604421536394
0.43556032928259, 0.885283100071183
0.728959399488309, 0.474946620692608
0.575911312773759, 0.651584517458029
0.612136558903705, 0.678889876476986
0.442708602629301, 0.376594153799594
0.544320687378536, 0.436222636709401
0.530791865069341, 1.0961399465262
0.609340202458455, 1.14649715603527
0.538949890632908, 0.657515272009296
0.448827867768315, 0.878676885325967
0.504464446098563, 0.78397721976352
0.373804947469295, 0.98801306418424
0.501684712247245, 0.842143176956466
0.653928557031474, 0.719128273324627
0.421573413872419, 0.744104248486545
0.602702239412547, 0.814711446177787
0.633367350351962, 0.654157176404187
0.610511945963328, 0.725676589667933
0.39411484499963, 0.929294513064778
0.61877791529683, 0.84512793995391
0.350158295041623, 0.967785430834698
0.584808485145486, 0.660034928792609
0.326176869572551, 0.886591563405189
0.576842834321381, 0.59268528049551
0.460447874688174, 1.10288703753311
0.533829202870008, 0.76338534541538
0.372033496995137, 0.980139898292517
0.71885527031103, 0.755307023665627
0.377605401585961, 0.786870897671334
0.525895271048361, 0.881308315105968
0.665637701315583, 0.764382878959005
0.614674213683547, 0.790122894191854
0.457936926043468, 0.892171023737206
0.374560312181995, 1.0179756773015
0.405335150025057, 0.899095929015853
0.620852846092427, 0.516085738053616
0.603296256385868, 0.635775112648877
0.430327082023331, 0.804792741843088
0.429206479792902, 0.852547442087084
0.383607541104291, 0.880452823981067
0.533015989828464, 1.14115915786652
0.622228017800573, 0.653225746651938
0.669969557168981, 1.22728183351035
0.486961329312486, 0.712116773625075
0.361100305184312, 1.04407537442808
0.469673217452172, 0.833109439992192
0.61655165937294, 0.655146425250437
0.446435249151376, 1.12493927503982
0.401885991765037, 0.904438896619369
0.607796090884211, 0.616025442936878
0.461076559662524, 0.87602192071232
0.417857696007027, 0.931381301120208
0.568086305806097, 0.712385915757481
0.400454248650753, 0.831671899206818
0.600062868840902, 0.683145286762812
0.291419706193675, 0.835455494398343
0.534000374642704, 0.53875208735283
0.92928192461758, 1.27858418054273
0.650306750493538, 1.18785836180551
0.600591673277539, 0.627842388945895
0.372580245169893, 0.809248371941435
0.465529441039171, 1.03419122778655
0.473178724605195, 1.07234748779931
0.468282081432135, 1.0397254620544
0.499086924824269, 0.72156134012435
0.532728822401708, 0.461424490448164
0.578995173860631, 0.852304793678263
0.449492256586944, 0.901548476617238
0.388247357826222, 0.958449493556079
0.499172511649778, 1.06665809175336
