-1, -0.682312978767029, 0.966641520031924
-1, -0.436055784811414, 0.828078515980373
-1, -0.429988920963352, 0.757823207057511
-1, -0.409593030864668, 0.753003908671285
-1, -0.350573572325975, 0.623273718305265
-1, -0.150713042609143, 0.879178523919277
-1, -0.188177106085258, 0.770428522739546
-1, -0.26776210949447, 0.75884490864872
-1, -0.05236134514548, 0.960179456393656
-1, -0.542786799703558, 0.929044243275044
-1, -0.526540544514741, 0.635234674553727
-1, -0.59707240600111, 0.830778867829933
-1, -0.557919208429801, 1.01127709105443
-1, -0.291492457549947, 0.815425676803858
-1, -0.394251141467609, 0.831309616030382
-1, -0.413926283706743, 0.569493726611162
-1, -0.362298051857695, 0.795540011176992
-1, -0.290835639330999, 0.749723897490614
-1, -0.423991174744895, 0.860150702436598
-1, -0.401122027982785, 0.616714620869458
-1, -0.319475914234396, 0.770991266312212
-1, -0.452469883887398, 0.901881203410939
-1, -0.179692813171515, 0.735889107064804
-1, -0.705393142148679, 0.726292421821884
-1, -0.508182778661653, 0.902585454931281
-1, -0.439351642498935, 0.986788052362094
-1, -0.479887087644257, 0.675108553342511
-1, -0.374986174951854, 0.789313281465865
-1, -0.441883521840986, 0.793164716381781
-1, -0.246579767077988, 0.833835291702757
-1, -0.319443363435078, 0.683738985794662
-1, -0.373994053419811, 0.744342919404818
-1, -0.529753032211333, 0.791250514827127
-1, -0.490332910247774, 0.749198909040064
-1, -0.571378004968951, 0.637147733359659
-1, -0.525914546055037, 0.783433670208006
-1, -0.389427144378166, 0.78486234929241
-1, -0.354124920045872, 0.919208650901578
-1, -0.406365886691854, 0.911421551735293
-1, -0.355413447368599, 0.757462258467138
-1, -0.283963499837059, 1.00216247721128
-1, -0.269922994127788, 0.698743279275904
-1, -0.535112546696159, 0.832057348241306
-1, -0.261788251018355, 1.01781149087994
-1, -0.259929581979121, 0.783471547704654
-1, -0.379413484680275, 0.637671420202434
-1, -0.412717904967693, 0.705871543940815
-1, -0.423319102976247, 0.726278305015296
-1, -0.37877997278236, 0.810181811286923
-1, -0.638754235842878, 0.738046191574405
-1, -0.481402082560432, 0.651158366058576
-1, -0.433277179863508, 0.784651717100061
-1, -0.302097114018508, 0.748876852919387
-1, -0.245057009833975, 1.01131197480292
-1, -0.611463951683876, 0.684069780497382
-1, -0.436347933821689, 0.960609858039512
-1, -0.418979415663731, 1.01727199344479
-1, -0.397807005816898, 0.721049561603502
-1, -0.521690082176736, 0.934166536174297
-1, -0.475964197830034, 0.757503384896629
-1, -0.203437075089277, 0.775212630143025
-1, -0.25846449840497, 0.81243198675311
-1, -0.563168658320926, 0.529492913327578
-1, -0.392807302151905, 0.940057490945981
-1, -0.651663817304219, 0.545866888901319
-1, -0.315567580847229, 0.626924649409193
-1, -0.411113614969227, 0.778457823281096
-1, -0.46290594314532, 1.06753734781879
-1, -0.278291894906699, 0.721300269194165
-1, -0.287029998648002, 0.730589760611102
-1, -0.511751665304342, 0.962327691559548
-1, -0.65393833178136, 1.02098134688106
-1, -0.288591071350506, 0.78207261862295
-1, -0.249433370334185, 0.701768296821774
-1, -0.601008840133088, 0.723547312870435
-1, -0.490964883618387, 0.573899512594379
-1, -0.624240474361059, 1.02104592314006
-1, -0.507466447381612, 0.991348976416907
-1, -0.428455092768145, 1.07442214973769
-1, -0.326505087428033, 0.556954530761707
-1, -0.50719102866415, 0.432207511564489
-1, -0.443587334752419, 0.935953480768233
-1, -0.35630373045024, 0.795413279200625
-1, -0.391127650256542, 0.660895384145796
-1, -0.556296073481027, 0.484317614734373
-1, -0.270091276930426, 0.651828928960018
-1, -0.714369310835764, 0.997246942151506
-1, -0.358807088226434, 0.952500339580117
-1, -0.182295000495317, 0.753452254767564
-1, -0.606767898433255, 0.635127714995862
-1, -0.494614010969427, 0.752766524573008
-1, -0.523812803341203, 0.839861081560065
-1, -0.429602094300126, 0.615809501487047
-1, -0.339470220471635, 0.622368757185285
-1, -0.547898398114283, 0.72007820489222
-1, -0.533536036169572, 0.578078298743933
-1, -0.408959483858101, 0.635188807231681
-1, -0.425184855449353, 0.804078160238435
-1, -0.343050966486499, 0.966356972194585
-1, -0.619928166658686, 0.681564499810762
-1, -0.361369754915277, 0.852522622071404
-1, -0.311106372343058, 0.472432921151613
-1, -0.421433166960219, 1.0039621964939
-1, -0.32963132419293, 0.621548753875665
-1, -0.442842023760829, 0.818664208881632
-1, -0.412369861843472, 0.817759054974829
-1, -0.233662395723509, 0.907034141090531
-1, -0.532127707204628, 0.779278735827998
-1, -0.398067652178733, 0.715072341635262
-1, -0.62986089279484, 0.900233944289206
-1, -0.337061668090144, 0.479431306101341
-1, -0.613789016930472, 0.745968803707688
-1, -0.45817654677848, 0.505024803097021
-1, -0.415904570403527, 0.648223708271209
-1, -0.286406677050225, 0.658826947331844
-1, -0.585494679317918, 0.536619390187633
-1, -0.470096916023236, 0.787885758037212
-1, -0.408793218022103, 0.819404621198855
-1, -0.603076946808056, 0.715483411335491
-1, -0.311372506751822, 0.607431257958892
-1, -0.285473461622401, 0.641699955914127
-1, -0.609663120917864, 0.765130137689805
-1, -0.569704749808693, 0.616961656408478
-1, -0.192825542818438, 0.596534373244056
-1, -0.367847521204921, 0.578217310066682
-1, -0.709349788025621, 0.582276505243214
-1, -0.523121611503226, 0.697050717771842
-1, -0.544326927164147, 0.641490813569629
-1, -0.262201215283808, 0.745797161428067
-1, -0.692431412754928, 0.770583100574491
-1, -0.376414557560178, 0.541030005902589
-1, -0.38152813715997, 0.571545582785079
-1, -0.48051953684018, 0.504813423849067
-1, -0.502756459517314, 0.684945209689548
-1, -0.447642540918713, 0.739670234921065
-1, -0.480590804018255, 0.819609139193918
-1, -0.425440574393862, 0.447573951560453
-1, -0.611285787541702, 0.685429483970438
-1, -0.567678928570088, 0.837383572458498
-1, -0.403839288264016, 0.710815738249422
-1, -0.630103948812016, 0.630367937476339
-1, -0.413149417287748, 0.665132590208991
-1, -0.478876647625019, 0.796297234018219
-1, -0.372027519826967, 0.796469865771392
-1, -0.455642053580014, 0.513695105088463
-1, -0.12096311195631, 0.817481875526366
-1, -0.202303327181422, 0.761596692888142
-1, -0.607857862412872, 0.553806952191119
-1, -0.323836955512986, 0.511025767912096
-1, -0.366813543821996, 0.730118010625116
-1, -0.498583088778604, 0.395031982793703
-1, -0.481666830241125, 0.620854180836545
-1, -0.501505358202778, 0.848765589177331
-1, -0.684503959460008, 0.559304399983271
-1, -0.469026249495104, 0.670908126666307
-1, -0.531200217826531, 0.679827846116334
-1, -0.574438659293563, 0.646391112990309
-1, -0.460396123669953, 0.849002402867057
-1, -0.374846928253132, 0.577503310711391
-1, -0.33929328650526, 0.627133895473805
-1, -0.446845753300751, 0.549846356225338
-1, -0.487604754000741, 0.888462092341574
-1, -0.427335599973107, 0.517628179991769
-1, -0.595911154220116, 0.665574397344646
-1, -0.472663534303505, 0.747263339239556
-1, -0.349115201297142, 0.582841569776812
-1, -0.616743840827197, 0.619173782441945
-1, -0.544847702271487, 0.55449707966109
-1, -0.698613841785006, 0.797021486648342
-1, -0.391201604010703, 0.471608498770337
-1, -0.483582012562333, 0.537178369579804
-1, -0.587999167060931, 0.687523289399143
-1, -0.505548143558131, 0.827358800387224
-1, -0.625583571285356, 0.60968257995994
-1, -0.501187180450651, 0.796821266861851
-1, -0.459377506387627, 0.661531496905871
-1, -0.527467712313023, 0.523838849442042
-1, -0.529538264807531, 0.6321464087385
-1, -0.418676803870173, 0.560759333795604
-1, -0.446478637725593, 0.373190387016676
-1, -0.315336994192631, 0.622863877232747
-1, -0.362523433092792, 0.70614958751039
-1, -0.492019563193349, 0.833169579527894
-1, -0.465768001205769, 0.518906750832167
-1, -0.44147275228779, 0.594004300268145
-1, -0.60957831175628, 0.735234018714531
-1, -0.643274274229867, 0.448855335406972
-1, -0.287163147928451, 0.486337477765748
-1, -0.400930854102946, 0.294103144746396
-1, -0.413230606256335, 0.464808962655116
-1, -0.463254370406403, 0.599569826760026
-1, -0.389519986016319, 0.242710603491782
-1, -0.62624490021244, 0.610569689634497
-1, -0.774073106868178, 0.562753408071179
-1, -0.522574313997702, 0.440495484512114
-1, -0.74122841165807, 0.677162169969781
-1, -0.51808455071899, 0.503390227256403
-1, -0.526001070448074, 0.522171543160541
-1, -0.289308038067626, 0.471185292923086
-1, -0.42539633481969, 0.516099458963659
-1, -0.40787368249485, 0.566131911344552
-1, -0.507219227817773, 0.527869040624902
-1, -0.552087091923129, 0.650931267150473
-1, -0.433863022353301, 0.405168274460407
-1, -0.423461587894418, 0.415241741024386
-1, -0.56051343521572, 0.393433234897265
-1, -0.509857269018517, 0.604756093037938
-1, -0.486595029826501, 0.590750267051074
-1, -0.399175970603463, 0.472636818364273
-1, -0.62102664883108, 0.438061313062338
-1, -0.372654629735391, 0.718345849330983
-1, -0.592422384871742, 0.769168702699464
-1, -0.562766431605888, 0.779842627972214
-1, -0.708444498947467, 0.800270842921012
-1, -0.388138595768986, 0.404890155092658
-1, -0.819053759450536, 0.358083322183673
-1, -0.478622930359072, 0.689208437991978
-1, -0.531884999959539, 0.613199675417831
-1, -0.570294025642246, 0.599428842802376
-1, -0.568020744862303, 0.424778009521157
-1, -0.583907012900123, 0.645506733409811
-1, -0.412896934280008, 0.680966709551822
-1, -0.498060815650765, 0.604042330655096
-1, -0.557590579262996, 0.663093415834057
-1, -0.286713857791435, 0.604403579450361
-1, -0.563122638093859, 0.71935675836162
-1, -0.533264844467794, 0.364541989838133
-1, -0.5937637879163, 0.581373157315736
-1, -0.573202566425417, 0.665436848386846
-1, -0.565778864483957, 0.3112267580553
-1, -0.381660234009391, 0.490021592748222
-1, -0.329909171671895, 0.51217630574992
-1, -0.73266628844773, 0.779697694238943
-1, -0.37003147538338, 0.559008212712162
-1, -0.222018736878398, 0.502324840793379
-1, -0.468735137151447, 0.677407513278791
-1, -0.444989326424411, 0.854348609438551
-1, -0.559882915530274, 0.442454999487978
-1, -0.365963232623896, 0.400486354567411
-1, -0.600435068265626, 0.409144707665288
-1, -0.511195648861286, 0.486220379916121
-1, -0.519627416234059, 0.509684309527384
-1, -0.514915436145689, 0.471630963088275
-1, -0.393397068720297, 0.617518964791873
-1, -0.356190267903316, 0.931477309336748
-1, -0.697268147100964, 0.497759759331376
-1, -0.57626291389854, 0.554296675460421
-1, -0.494151937950873, 0.369516328967542
-1, -0.594242644405003, 0.463448782766103
-1, -0.545287396288187, 0.316228473845287
-1, -0.258152544718844, 0.206735224160859
-1, -0.461281686783685, 0.642602868188464
-1, -0.4223244723787, 0.347333577500023
-1, -0.55151464542276, 0.430919711225064
-1, -0.551232005567611, 0.538246828799129
-1, -0.496498445310917, 0.433820452881609
-1, -0.928262675914634, 0.430524739015963
-1, -0.537983682039338, 0.650296234506405
-1, -0.592506106172901, 0.618854225341419
-1, -0.78600785754763, 0.277359902965605
-1, -0.44872420189531, 0.611996336671113
-1, -0.487771954436409, 0.534861658648665
-1, -0.259880193694807, 0.374713426247844
-1, -0.412175806004912, 0.567493378382757
-1, -0.69475301823048, 0.511950518181796
-1, -0.685857723225979, 0.504805691835564
-1, -0.520832688704873, 0.643040989973208
-1, -0.484927752693378, 0.673863765913995
-1, -0.434389739921878, 0.345341564592827
-1, -0.684305061565064, 0.533224685754902
-1, -0.42311910842221, 0.797344476751606
-1, -0.655417492604155, 0.23229529901473
-1, -0.600796576172628, 0.30269063997858
-1, -0.504703894649007, 0.425079924455376
-1, -0.504765119686815, 0.386018647673819
-1, -0.545502576190851, 0.426495986420943
-1, -0.330857924620176, 0.37082717057105
-1, -0.635274658144817, 0.435112318244271
-1, -0.622570910470536, 0.420969741458542
-1, -0.391073251468864, 0.588824827598718
-1, -0.366564776408167, 0.254385548520781
-1, -0.68640747171544, 0.417440807981681
-1, -0.397488148286458, 0.508996071604015
-1, -0.611798218925939, 0.34057585535675
-1, -0.578930382039267, 0.288370284569738
-1, -0.454889075511127, 0.772754116530572
-1, -0.37518673713564, 0.320776627115952
-1, -0.464896632177838, 0.591979594922269
-1, -0.427836300319737, 0.472898726863906
-1, -0.402491103787862, 0.662001792285578
-1, -0.337681823844927, 0.537257193675186
-1, -0.698019019222131, 0.512526669917582
-1, -0.587368084684251, 0.487866905092722
-1, -0.364545598561289, 0.548799294564654
-1, -0.530664476190545, 0.316894130586801
-1, -0.422979813644976, 0.480807883232687
-1, -0.365817054510488, 0.356853427274234
-1, -0.355969177184676, 0.269649002203127
-1, -0.544466167084902, 0.204853779670742
-1, -0.610573862709985, 0.517093427480218
-1, -0.399739275901042, 0.316924067206263
-1, -0.425463320178416, 0.354933179236835
-1, -0.461138008025939, 0.391283392769232
-1, -0.471284180686271, 0.22858229853004
-1, -0.345757157196112, 0.613617420688108
-1, -0.39336776670646, 0.62578974729375
-1, -0.593512828054072, 0.691073566640908
-1, -0.485662527390432, 0.433563243876002
-1, -0.505383332772985, 0.406421218257759
-1, -0.496131120356277, 0.486622984721479
-1, -0.433840945569479, 0.476172278805827
-1, -0.391360630086394, 0.445833081811879
-1, -0.431817448534688, 0.53296745884442
-1, -0.350557099938656, 0.378773513136075
-1, -0.655112349954964, 0.535742147038341
-1, -0.330275783128065, 0.529224652737624
-1, -0.686653479062576, 0.379785629836431
-1, -0.538036019051424, 0.434695442346635
-1, -0.554421094596772, 0.319411436525605
-1, -0.375093428706839, 0.293108969052666
-1, -0.277664344549277, 0.538540645981506
-1, -0.38043089741452, 0.506259743326726
-1, -0.516873383961576, 0.530092135976167
-1, -0.391445094783369, 0.42929249098938
-1, -0.327472122068228, 0.415299159061611
-1, -0.572003453140351, 0.467761047458373
-1, -0.251156073026167, 0.398907772009695
-1, -0.499544037192306, 0.560582090689209
-1, -0.620873367218254, 0.299237939707208
-1, -0.418003067661836, 0.463345494335294
-1, -0.577019710329269, 0.560771479020835
-1, -0.350494447127124, 0.433905857923091
-1, -0.706743870393822, 0.327895623670137
-1, -0.138667708083685, 0.298411097881083
-1, -0.539971045938789, 0.530681530891226
-1, -0.473855701484792, 0.600510541301124
-1, -0.416112190430081, 0.394933836310331
-1, -0.509905706487061, 0.526940762331365
-1, -0.411797347128151, 0.622626256898029
-1, -0.492468389339081, 0.338848798225377
-1, -0.604955504968343, 0.481623827297381
-1, -0.404599361578285, 0.422269570650862
-1, -0.440276498242823, 0.451752928112279
-1, -0.352042417739817, 0.346969256375454
-1, -0.642385705049532, 0.545514020088488
-1, -0.514435406946627, 0.39593386283008
-1, -0.528477110012997, 0.393621927785925
-1, -0.423499594421139, 0.478818190323744
-1, -0.304633656150596, 0.414806144266836
-1, -0.479668812845731, 0.188262881339699
-1, -0.513397912714672, 0.747078745624397
-1, -0.358200988822953, 0.202306043530153
-1, -0.495046937758956, 0.511051265953759
-1, -0.744163417739994, 0.237144280707769
-1, -0.343036790221677, 0.482010135995743
-1, -0.318506441926759, 0.81246284564229
-1, -0.681524798971185, 0.421552909395107
-1, -0.389233852936809, 0.543214973156838
-1, -0.488465708994982, 0.330494824285905
-1, -0.496697499875954, 0.441563073678175
-1, -0.285228433879019, 0.51206689005696
-1, -0.338841680029618, 0.541292126266372
-1, -0.40907481029512, 0.3553590172479
-1, -0.574315602804057, 0.47048645267762
-1, -0.378433713702978, 0.325283528134168
-1, -0.668440624972747, 0.279982542842537
-1, -0.52890435413148, 0.435777153146149
-1, -0.71606770443136, 0.223068051013016
-1, -0.533158661488413, 0.570625060801275
-1, -0.611663823201836, 0.41986391817255
-1, -0.383672819597556, 0.422955375207822
-1, -0.632951499751137, 0.320183214436937
-1, -0.334591913701338, 0.450994702288383
-1, -0.689436357523925, 0.49214272113493
-1, -0.571494425378598, 0.124023914450226
-1, -0.479783189682119, 0.38317612189776
-1, -0.420922946046046, 0.338163005771519
-1, -0.555035453463838, 0.316663593054741
-1, -0.682482976826692, 0.384826355497606
-1, -0.160922232188478, 0.441309740477946
-1, -0.739235552891559, 0.37206903845444
-1, -0.517638677384121, 0.303369545513032
-1, -0.670812670930157, 0.308623539669803
-1, -0.701375412345675, 0.496898954124141
-1, -0.572905898119388, 0.616043108293941
-1, -0.27521174520276, 0.509072581790058
-1, -0.281382810438685, 0.464522201401283
-1, -0.452531880952759, 0.42164406818937
-1, -0.415953847655998, 0.40496225717659
-1, -0.411095357021752, 0.169748324608593
-1, -0.553412242520902, 0.409246421369856
-1, -0.346082854028664, 0.422869390113051
-1, -0.558598515116023, 0.0717022675179189
-1, -0.347629666410326, 0.481857159634411
-1, -0.616607784868924, 0.156058270379062
-1, -0.601957886772253, 0.365400108022958
-1, -0.280938308509277, 0.461542682458841
-1, -0.349839800249688, 0.181668697491984
-1, -0.548864842498951, 0.336450185562068
-1, -0.351215576599584, 0.379622828146546
-1, -0.502126440173457, 0.293751690453087
-1, -0.325706934052781, 0.244843149419096
-1, -0.298050001796681, 0.445624151349113
-1, -0.37998459790509, 0.224499984772541
-1, -0.425045071500168, 0.285216906893927
-1, -0.475259758543707, 0.127474383230583
-1, -0.465642644507652, 0.213164246675615
-1, -0.236196611829158, 0.284803071056646
-1, -0.307321163034445, 0.217079936116226
-1, -0.573688102204109, 0.567036982969054
-1, -0.419249819247601, 0.484026489327669
-1, -0.38836216047468, 0.184052510018526
-1, -0.475381761743451, 0.425058282938516
-1, -0.29329123074037, 0.368881836605356
-1, -0.45382693191136, 0.361379128964983
-1, -0.423062628952547, 0.281858466765453
-1, -0.626552434841319, 0.645398700073958
-1, -0.576020940274588, 0.274473443978073
-1, -0.48027745130451, 0.43942246834483
-1, -0.33219080199372, 0.390335294658117
-1, -0.420844437353305, 0.366223967900583
-1, -0.443429363882498, 0.695620880320898
-1, -0.490635754359512, 0.398963030999759
-1, -0.345138109974071, 0.248349350620496
-1, -0.419790774747034, 0.57650006906163
-1, -0.485050991275635, 0.194304927068057
-1, -0.458782844868372, 0.458176069615714
-1, -0.195805865958544, 0.41396732689024
-1, -0.286904246021227, 0.297434392585513
-1, -0.275741710079781, 0.390099068974686
-1, -0.294563987636786, 0.312026655208802
-1, -0.519771582016299, 0.313141082282342
-1, -0.3122654691272, 0.268061589379859
-1, -0.399232067831552, 0.236409242414205
-1, -0.391819361986772, 0.102471550117253
-1, -0.370800137229569, 0.390611329321504
-1, -0.459070677223899, 0.211594576947027
-1, -0.578832892444631, 0.420804984048071
-1, -0.343395592611047, 0.387182930495343
-1, -0.371677345547964, 0.131214726654742
-1, -0.562326190333456, 0.0420815275532989
-1, -0.0258172029243396, 0.0267890488373695
-1, -0.333515682493113, 0.374450920344515
-1, -0.325368838272158, 0.155923014439248
-1, -0.458856100836857, 0.168051227847931
-1, -0.349212085558161, 0.178991120562377
-1, -0.290129339385976, 0.124261053396575
-1, -0.479369048064446, 0.203208522631522
-1, -0.432643071116282, 0.452470734213564
-1, -0.474420108691403, 0.412491111667387
-1, -0.507404033515831, 0.113449236172848
-1, -0.537514980954822, 0.283337042527926
-1, -0.319992481911176, 0.290104711053274
-1, -0.505512227112018, 0.179440720761132
-1, -0.741444488942234, 0.202670879490455
-1, -0.676978083068463, 0.155971232900717
-1, -0.252353955508947, 0.103889731649355
-1, -0.351426409984687, 0.1110225284089
-1, -0.605435171547527, 0.287709295851896
-1, -0.414025650568445, 0.126914607616162
-1, -0.544048096870209, 0.0881141266669824
-1, -0.201999945015652, 0.324287837541554
-1, -0.621711035226575, -0.0336525680592059
-1, -0.39727974301966, 0.172225589792428
-1, -0.405845453411888, 0.101262181883337
-1, -0.386923987515046, 0.28336990920418
-1, -0.359515352578777, 0.378293743524247
-1, -0.508598637399619, 0.225333818353226
-1, -0.338027855722431, 0.149099117929755
-1, -0.380941468741437, 0.361634814861661
-1, -0.39858178559317, 0.174300933686232
-1, -0.6985506718386, 0.374471376733561
-1, -0.353877388582706, 0.223715621076808
-1, -0.351610185952645, 0.292133779548253
-1, -0.49920623906889, 0.239376815719237
-1, -0.533349505335854, -0.0681579953557934
-1, -0.442807064803713, 0.153146652827378
-1, -0.285942032121448, 0.436908713269061
-1, -0.441026972283711, 0.125375509538049
-1, -0.431134664738284, 0.289539975708987
-1, -0.27439466989887, 0.384521171102057
-1, -0.512119471287256, 0.503795809885594
-1, -0.446663465994767, 0.10481253890889
-1, -0.284235954177662, 0.295733105705671
-1, -0.488973037857564, 0.0815941581403141
-1, -0.325153639017854, 0.180909063214233
-1, -0.134225940854482, 0.399715850347723
-1, -0.433732107313093, 0.0200695473937002
-1, -0.103140720481101, 0.0743097550137433
-1, -0.528117772568772, 0.377506484998633
-1, -0.478116534546461, 0.195216833614855
-1, -0.179265813451304, 0.18240232081653
-1, -0.33571609659483, 0.537671342911429
-1, -0.529237551768624, 0.0765785182413574
-1, -0.241763779853952, 0.264431785229498
-1, -0.438235638678673, 0.237236744716251
-1, -0.289617939824411, -0.110712099364213
-1, -0.31292335554684, 0.170350668249772
-1, -0.450239950972553, 0.217201857698445
-1, -0.425771057470929, 0.191151263542075
-1, -0.618879459046704, 0.28760515552641
-1, -0.747808176228789, 0.163698786571613
-1, -0.438452407458907, 0.420870848802957
-1, -0.46961231679899, 0.215685679000716
-1, -0.421651107044927, 0.0480376730437854
-1, -0.508312726463541, 0.297275098939807
-1, -0.644636456945798, 0.151393545401947
-1, -0.617123177441784, 0.134971609497892
-1, -0.372463483368319, 0.191040047456945
-1, -0.227581373014205, 0.330293073559345
-1, -0.295575655806144, 0.145814327017414
-1, -0.40936256904705, 0.348215227535115
-1, -0.472415934382843, 0.363417672406705
-1, -0.272258270960947, 0.176787807706343
-1, -0.27587893312662, 0.147763257444022
-1, -0.468300695249761, 0.0773892125287196
-1, -0.383081042550868, 0.0750327973495035
-1, -0.334721548149369, 0.210468942672654
-1, -0.0869407949483851, 0.151958457477058
-1, -0.334385978888852, 0.402929007165583
-1, -0.386034164972356, 0.0300208220427977
-1, -0.214475622451763, 0.448952183448545
-1, -0.234745675488631, 0.167551344956631
-1, -0.342945071304192, 0.0830079560067245
-1, -0.344990996082276, -0.000591099507721349
-1, -0.376218178454744, 0.00559251581453582
-1, -0.365211974880282, 0.163603609705579
-1, -0.301881801374965, 0.244577506497199
-1, -0.264755208615367, 0.00248370758860356
-1, -0.451333331726524, 0.327476633582331
-1, -0.157823735865051, 0.261086322572646
-1, -0.376380711893796, 0.351967593271955
-1, -0.413998488734099, 0.235289667380064
-1, -0.313853054876982, 0.0605579382405656
-1, -0.383412537787583, 0.382775842309758
-1, -0.387106463478339, 0.23596710904721
-1, -0.241038603865433, 0.00744874212038607
-1, -0.299899812568771, 0.195701818132771
-1, -0.117847026919923, 0.173289285955845
-1, -0.496968244845465, 0.303174681637352
-1, -0.363435443358487, 0.211683791827017
-1, -0.272221102868161, 0.227957089621911
-1, -0.382607822971064, 0.337113379177299
-1, -0.360412562424142, 0.131486753941768
-1, -0.265838724340045, 0.0577886581369939
-1, -0.349703302800962, 0.154524129436518
-1, -0.384012085704715, 0.0412824780012542
-1, -0.313419805710414, 0.101147500024438
-1, -0.150068784545639, 0.356104687734773
-1, -0.143911205444597, 0.156562781368528
-1, -0.297674815893716, 0.187607833526887
-1, -0.279419290462628, 0.407412159301853
-1, -0.262995487439801, 0.265219558943329
-1, -0.236559949015288, 0.342055139180332
-1, -0.31253267654597, 0.0644354439493135
-1, -0.522802105474126, 0.0801220514628788
-1, -0.0628856398956002, 0.161400115501992
-1, -0.334762235142563, 0.0776950034917618
-1, -0.456962357774901, 0.322662718902916
-1, -0.445569203600844, 0.488259274521772
-1, -0.222146655700508, 0.215508493396677
-1, -0.307122776485762, 0.220907360721599
-1, -0.232783971197973, 0.154150087834932
-1, -0.235346181431655, 0.314928334888863
-1, -0.40475586557687, 0.0265537415056755
-1, -0.425165591844028, 0.0999152812916058
-1, -0.320087252433472, 0.233370193525676
-1, -0.167354960545485, -0.0623780058096378
-1, -0.163947285083553, 0.268927977015148
-1, -0.379156911940012, 0.24414858887326
-1, -0.241131128604646, 0.156029798561345
-1, -0.430434890636664, 0.0627627095082238
-1, -0.384932326057531, 0.175095058293595
-1, -0.543322442035022, 0.156927762036414
-1, -0.496374269244373, -0.0120081819431368
-1, -0.035611439576261, 0.454062609335875
-1, -0.206859687653607, 0.214014117184224
-1, -0.335698139309336, 0.0835279877078248
-1, -0.159565450492789, 0.195694344774255
-1, -0.136708255318296, 0.105322611984579
-1, -0.325452954488046, 0.471920081512125
-1, -0.367253268171232, -0.0494409245618491
-1, -0.382639067781306, 0.0933444765094463
-1, -0.432295768070423, 0.261574762468358
-1, -0.14637046018596, 0.102991840218997
-1, -0.21845427193121, 0.19732430162151
-1, -0.427039880425122, 0.0433127871608242
-1, -0.291221951255927, 0.105070285918146
-1, -0.321578064269836, 0.230482311831596
-1, -0.179566108827297, 0.15377675179132
-1, -0.403623746967469, 0.338076402027967
-1, -0.271806967475966, 0.131317765976302
-1, -0.607716110781767, 0.303203150836741
-1, -0.235469553131855, 0.144781642178576
-1, -0.345456323438976, -0.00395727443212057
-1, 0.112587414996687, 0.0983541110802025
-1, -0.16298227829587, 0.152533582118485
-1, -0.159487082990746, 0.288991965293847
-1, -0.158229226913483, 0.0346874427502606
-1, -0.359249495208351, 0.109209478640836
-1, -0.107614716352765, 0.0842628211734107
-1, -0.137008983561706, 0.19675260963944
-1, -0.322011815984227, 0.00948156094164984
-1, -0.185561312311243, 0.132710950826988
-1, -0.418607004626947, 0.270794286468406
-1, -0.140327344262427, 0.352926896874454
-1, -0.344535422066046, 0.117495883724398
-1, -0.603614489210946, 0.0387870416740521
-1, -0.49168300650223, 0.0840308065317929
-1, 0.047293611685541, 0.207653717607544
-1, -0.145390881468499, 0.130897031004419
-1, -0.387706087967224, 0.165284665608692
-1, -0.460936772507825, 0.324538190116968
-1, -0.143344752494954, 0.031581476254032
-1, -0.197757917351805, 0.0483235149019445
-1, -0.14735444299821, 0.112981782317983
-1, -0.246487690992981, 0.244451042750338
-1, -0.176176497251456, 0.0769012233117815
-1, -0.315456776685046, -0.0542350318166251
-1, -0.291970672999834, 0.310600600832339
-1, -0.464849416724841, 0.250225020690683
-1, -0.17459549156103, 0.370770197651689
-1, -0.0850946259788948, 0.236513164202341
-1, -0.393923049282002, 0.187626646659349
-1, -0.155027153209601, 0.131518716319434
-1, -0.173905412706089, 0.438273514321612
-1, -0.266632562205353, -0.0415009580072157
-1, -0.29911914474206, 0.241171716381511
-1, -0.288983714861264, 0.0897419750343459
-1, -0.104465809459049, -0.137876113274878
-1, -0.101345130867394, 0.124108279259583
-1, -0.255595324909002, 0.0697306539149071
-1, -0.241610951483045, 0.35286846878621
-1, 0.015433711365815, -0.159474370556888
-1, -0.0976513888691248, 0.13894465118703
-1, -0.100670558866994, -0.380039666507965
-1, -0.18382578866756, 0.408709160654235
-1, -0.0300581420165046, 0.173120187782755
-1, -0.411277456020925, 0.0571243488916677
-1, -0.400820989892616, 0.294583810733228
-1, -0.374672040417468, -0.052560659755521
-1, -0.132851492695719, 0.205002139142943
-1, -0.248415113372656, -0.0473470067991682
-1, -0.24339000602893, 0.0995522092635703
-1, -0.214156455429579, 0.186897128229266
-1, -0.0504551343159468, 0.0421580765067219
-1, -0.308630169392204, -0.0592412379841687
-1, -0.339796947485602, 0.119863365753387
-1, -0.319490465733513, 0.020659402873468
-1, -0.107833607877795, 0.516789104776356
-1, -0.0828846683718272, 0.170978397668049
-1, -0.227942385197679, 0.285098083228855
-1, -0.287403875119001, 0.0350717900850283
-1, -0.362999425503531, 0.0163620706710642
-1, -0.15372938035768, -0.203701335258708
-1, -0.0561511261919296, 0.0402501208635902
-1, -0.0552653101349312, 0.329100538404015
-1, 0.00179841066747924, 0.322563928581635
-1, -0.297518754616651, 0.160858159771158
-1, -0.222874571278765, 0.0827855313345571
-1, -0.0105726895990578, 0.143459942269089
-1, -0.158461557509144, 0.293753293356061
-1, -0.237827893772805, 0.0183077284596357
-1, 0.01935447796466, 0.0654191643093174
-1, -0.101016322567737, 0.0335837149121915
-1, -0.119901222018377, 0.0884969822372609
-1, -0.0377926190390773, 0.0806206508065116
-1, -0.0554640382472749, -7.69109467305441e-05
-1, -0.123934174029884, -0.0327349645075956
-1, -0.0137125644757536, 0.357364820569393
-1, -0.136935595599626, 0.236954561218889
-1, -0.366175158170166, 0.192012546087271
-1, -0.0984395218663205, 0.0298741928443055
-1, -0.164838708875471, 0.10382169067634
-1, -0.132631725162619, 0.140707721467379
-1, -0.319649731481115, 0.0717083804684568
-1, -0.0471409727220772, 0.0879917269814847
-1, -0.126201926418383, 0.0674371098069676
-1, 0.0706685989472027, 0.130562175407589
-1, -0.303601679279962, 0.174208167003218
-1, -0.193650887369239, 0.077332711867152
-1, -0.161970522859032, 0.110827333847088
-1, -0.252646973318817, 0.30879944050105
-1, -0.119412155038263, 0.230286426552789
-1, -0.200108168553115, 0.0838131286028771
-1, -0.15580127445513, 0.133533067209486
-1, -0.200033341643206, 0.0372748226075167
-1, -0.258763566377887, 0.0784944107676804
-1, -0.199670807718574, 0.0320350156598018
-1, -0.100223329651904, -0.0178797761831412
-1, -0.284568253836575, -0.00160587910640464
-1, 0.0030259124770768, 0.0204893344912284
-1, -0.0772976018292157, 0.0424821697029251
-1, -0.223906803848802, 0.247529374960085
-1, 0.00639292173177715, 0.0121138846985099
-1, -0.126513224044696, 0.175537754293672
-1, -0.112457644443711, 0.115097184224984
-1, -0.120018888054105, 0.274859027358712
-1, -0.303244721111542, 0.0642787154359991
-1, -0.123818602490402, 0.0684462924596411
-1, -0.0479046902329421, 0.314497981776988
-1, -0.266851134423477, 0.151826634201464
-1, -0.184329422197052, 0.0843240127521549
-1, -0.04656148297386, 0.226748969722723
-1, -0.10104179089031, -0.212663462491197
-1, -0.207263346279893, 0.0428351926779367
-1, 0.100174283531485, 0.230984990173425
-1, -0.070714689538717, 0.109989059591078
-1, -0.0172380840218355, 0.178199186482129
-1, 0.03033904817296, -0.264390082612687
-1, 0.0389306346589835, 0.085961978329726
-1, -0.137367346375444, 0.190160822824243
-1, -0.0885225535921262, 0.133144428091187
-1, -0.0607512417854114, 0.0149940077332896
-1, -0.0666726948268211, 0.385140417927849
-1, -0.361134101771435, 0.019378108069059
-1, -0.00477670222966044, 0.156249334603353
-1, -0.175528615259796, -0.0311765153628641
-1, -0.119613460059175, 0.355340790552442
-1, 0.0298916321179484, 0.116614136013545
-1, -0.174141794441823, 0.182382876778161
-1, -0.233120658270322, -0.16711452515187
-1, 0.210633485293022, 0.0129954179502054
-1, -0.263345505050311, 0.144912666297048
-1, -0.0983368620961038, -0.0670983895926243
-1, -0.356867201213038, -0.0886785358508811
-1, -0.0891378495740977, 0.0406865866007787
-1, -0.0529026977861132, 0.0149408138165518
-1, 0.0103842480713726, -0.0181772911344745
-1, -0.0532134878695369, 0.103882654939005
-1, -0.197753120316156, 0.13030814393185
-1, -0.151784623443876, 0.123613657699603
-1, -0.0602027144614178, 0.0719221470584214
-1, 0.146040990110397, 0.31814366811118
-1, -0.0365864327048412, 0.225231415109673
-1, 0.0482156763718866, 0.0882714037201525
-1, -0.0948713777399826, -0.0305028661451514
-1, -0.190829250895243, 0.128234152873108
-1, -0.266102104172883, -0.159684957366961
-1, 0.0442667365427468, 0.0965750219104601
-1, -0.363108392568593, 0.151688018159519
-1, 0.168837143662195, -0.168467471752938
-1, -0.300563187850553, -0.0324248576490164
-1, 0.145441064882827, 0.0716556228050314
-1, 0.0395350240742002, 0.12704312250266
-1, -0.113422427531157, 0.0710795831694688
-1, -0.0526256462001268, -0.0697078165645836
-1, -0.11502031557556, 0.320063582293566
-1, -0.391786052319012, 0.078334622705956
-1, -0.150011764695873, 0.0559609227007412
-1, 0.0712444453153602, -0.116251781659396
-1, 0.0809495586447056, 0.0723749161015527
-1, 0.139332730860123, -0.00291555516866232
-1, 0.114730708962577, 0.111650500183367
-1, -0.00400665197627819, 0.0600478100953648
-1, 0.0462356499079898, 0.120619300169768
-1, 0.104838579232464, 0.0664572226644476
-1, -0.0774365378485948, -0.2331995521795
-1, -0.101096461057031, 0.170098266076696
-1, -0.110733757450066, -0.231536738636394
-1, -0.421446678865293, 0.071930059739755
-1, -0.39744398831301, 0.0319939925436914
-1, -0.264419472912452, 0.0226819766948674
-1, -0.0198660362291099, 0.234142382508097
-1, 0.173932728325458, -0.111804244328992
-1, -0.196180189221377, 0.107336557295237
-1, 0.0449604236180381, 0.559519167300824
-1, 0.162291465074557, 0.316312320574005
-1, -0.348371694540361, 0.182616442880073
-1, 0.00287995838140226, 0.158849469081782
-1, -0.106961706205423, 0.199724956481911
-1, -0.101432603999369, -0.0522761585159846
-1, 0.0439504762929536, 0.196312806957071
-1, 0.0333748458747267, 0.0487188608892079
-1, 0.0884095881334707, -0.0272240970457097
-1, -0.090483940470981, 0.0321847417815974
-1, -0.00994173821712764, 0.170979704782139
-1, -0.0544097133317199, 0.089365752591246
-1, 0.0701089446783539, -0.110030722304964
-1, -0.105394316994469, -0.00366169594024247
-1, 0.0861224314253582, 0.0995725437294705
-1, -0.0465049120449353, -0.0863933952356874
-1, -0.151759648398614, -0.0636271163772662
-1, -0.0982548086904794, 0.325878626271144
-1, 0.157020324103264, 0.00658610123074962
-1, -0.00699930459352709, 0.0931944861510365
-1, -0.106991262102505, 0.215172817275834
-1, 0.128815447020865, -0.0548758280666479
-1, -4.20423487124122e-05, 0.264346423803944
-1, -0.0494360327417863, 0.0719433526344401
-1, -0.210899686573766, 0.267047359121326
-1, -0.0100943011224887, -0.000426347906163871
-1, 0.0455424506362722, 0.387846781615178
-1, 0.00265870926523201, 0.279144910333278
-1, -0.152671981594228, -0.0903389438447628
-1, -0.156040056219465, 0.168251230853582
-1, -0.174588833350116, -0.00597292068973074
-1, -0.0425650326506007, 0.290023209511162
-1, 0.0478817211247861, 0.165016936434528
-1, 0.142705819355921, 0.179748591235736
-1, 0.03746109298396, -0.0810332368331553
-1, 0.0233041301495268, 0.0239144795071226
-1, 0.183020041878231, -0.0348831213431858
-1, 0.0905644217875743, 0.196270465902942
-1, -0.175472959121161, -0.123319578869564
-1, 0.24552370450527, 0.0166930880728909
-1, 0.138349816668386, 0.143727728423398
-1, 0.105230142428468, 0.00963400479602221
-1, -0.00260692950713075, -0.107783152232892
-1, 0.0508726415813038, 0.0967579857078533
-1, 0.17539705171219, 0.0961961034613462
-1, 0.0444686042704128, -0.104153644960619
-1, 0.0239888361013745, 0.26625464679606
-1, 0.187311236035559, -0.0626674366791155
-1, 0.0771264121550433, 0.368500233479898
-1, 0.132409636976993, 0.143553528917904
-1, 0.0150230382738906, -0.075571383927287
-1, 0.21316079951861, 0.222580232414619
-1, 0.0845277400465737, -0.0186169159614197
-1, -0.102333420361223, 0.144544701120068
-1, -0.0526554531047416, 0.202203239143237
-1, -0.0724778757018284, 0.0953790009571258
-1, 0.0940703798411308, 0.107049380570086
-1, -0.0378417908157946, 0.013076960495039
-1, 0.0496458449429337, 0.18527386400172
-1, 0.251122777324098, 0.308517804497915
-1, -0.109748817865822, 0.188585928226847
-1, 0.037136400892148, 0.169661469260635
-1, 0.112359694486424, 0.156280636001462
-1, 0.112660518462158, 0.0856593132900897
-1, 0.183422522181949, -0.129550510420231
-1, 0.219893694190297, 0.0259780029798107
-1, 0.0420348740097107, -0.00613434631100666
-1, -0.089965050638002, 0.303138248505534
-1, -0.161985935695813, 0.313794713917406
-1, -0.00164430206023021, 0.159231872009769
-1, 0.197584411777338, 0.145422459015377
-1, -0.0910767314934257, 0.0738679753511682
-1, 0.292646528659441, 0.295974376820469
-1, 0.030156005486311, 0.0624797360283023
-1, -0.109647723024608, -0.0195559205564872
-1, 0.291340999900338, -0.220012244642539
-1, -0.171790260744121, 0.120055322028919
-1, 0.117575211674896, 0.205230307064987
-1, -0.080018667444444, 0.156864852697132
-1, 0.0150321645361142, 0.0871694075369269
-1, -0.204182627458721, 0.149260042224799
-1, 0.0753737447808116, 0.234331841764611
-1, -0.0777699433855632, 0.180135283205649
-1, 0.142588686474057, -0.0537388638218587
-1, 0.277001731777784, -0.0680931381240927
-1, 0.163983155728236, 0.200055548520644
-1, 0.113699823255669, 0.270897248244142
-1, 0.10279940158188, 0.0512151192144658
-1, -0.208700151649443, 0.0229102503905497
-1, 0.108005193486231, 0.18507985224642
-1, 0.192868326233033, 0.146170188812596
-1, -0.0377117061188077, 0.0559797020368172
-1, -0.145358398417482, 0.0582854593874458
-1, 0.101456179408731, 0.173204723554311
-1, 0.160048518242617, 0.225645640933599
-1, 0.0862771967954533, 0.0171905956823477
-1, 0.144662076651032, 0.0162368566846792
-1, -0.00687896227324432, 0.107624791833677
-1, -0.0044924118114404, 0.0596165034282492
-1, 0.205346783105617, 0.112419512408993
-1, -0.140325417637432, -0.0263818557511162
-1, 0.0858430797420941, 0.110467169583873
-1, 0.265872081895254, 0.157173758373758
-1, 0.0561016025904513, -0.0774522823632801
-1, 0.109848127554839, 0.15078412406698
-1, 0.0327162313537186, 0.358713841278634
-1, 0.0559191675005748, 0.316231824300195
-1, 0.201556101141567, 0.0126895248082342
-1, -0.0769063693381127, 0.351084029141972
-1, 0.160200257054122, 0.166122581957948
-1, 0.424896489856622, 0.127211557080085
-1, 0.263062702314161, 0.0283672593382747
-1, 0.00382295494444358, 0.0849287586908644
-1, 0.156036561259024, 0.155411106177383
-1, 0.155443465362582, 0.259255073832192
-1, 0.247272528354292, 0.047150489887381
-1, 0.23542587925786, 0.127275173700101
-1, 0.0830823435930099, 0.334930315689227
-1, 0.326585347364482, 0.263611177079187
-1, 0.204794416357037, 0.134419723494505
-1, 0.183281176143087, 0.14975545855262
-1, 0.0591715340671257, 0.0426588812209276
-1, 0.0603322612152515, 0.0607830149164696
-1, 0.199087629641244, 0.0860859799592959
-1, 0.163990575058464, 0.267494753721718
-1, 0.170958713122406, 0.110989319386941
-1, 0.181345622342322, 0.0139559880869378
-1, 0.230609687491844, 0.0221550043763848
-1, -0.0644333803610589, 0.22399986639126
-1, 0.229874328913594, 0.196799414060898
-1, 0.200055287546231, 0.145676926883009
-1, 0.338624400692751, -0.157498072998101
-1, 0.156879050893528, 0.139279441372989
-1, -0.0849234358161329, 0.42597126069362
-1, 0.395076702174487, 0.245122878783112
-1, -0.0190665357412284, 0.225963604228786
-1, -0.0051200839237294, 0.0901386496862943
-1, 0.182130837152561, 0.0712466472883638
-1, 0.301070025001875, 0.166125200001816
-1, 0.134127462505874, 0.477411835365271
-1, 0.419936682627768, 0.263928271694346
-1, 0.0684950740745212, 0.160598230847669
-1, 0.301630331761868, 0.117471809201316
-1, 0.34767243946497, 0.251946059422503
-1, 0.144227305678427, 0.310881843355332
-1, 0.0392343688197565, 0.0996570669725403
-1, 0.0263114888227778, 0.0582846089812844
-1, 0.152099738454324, -0.00816514264367153
-1, 0.00396891812398699, 0.125348549622197
-1, 0.0844408919391387, 0.216088911535956
-1, 0.109050951190009, 0.433699258271297
-1, 0.253158359051208, 0.19109565862083
-1, 0.080270069214093, 0.173663172734081
-1, 0.264275351657968, 0.103232336480891
-1, -0.0328609954029385, 0.516225671685437
-1, 0.14345019388639, 0.170012086590138
-1, 0.180251778876656, 0.0666123460900865
-1, 0.110001505940184, -0.00736093901792847
-1, 0.117763730576482, -0.13265402707012
-1, 0.133908517176069, 0.357854939952812
-1, 0.335984993419445, 0.264400394149087
-1, -0.00346266549865204, 0.233850884614944
-1, 0.16115675525671, 0.239594060857762
-1, 0.00385551842905243, 0.0905042750747677
-1, 0.26266375305096, -0.181338327926798
-1, 0.332927338299148, -0.109646656553508
-1, 0.205100787156792, 0.0276027726155301
-1, 0.128154483104061, 0.2307215142202
-1, 0.0455925980032948, 0.0991450238961173
-1, 0.10757365436882, -0.0759440064632797
-1, -0.0329058929971529, -0.0400753824770479
-1, 0.335936957920944, -0.018055484645831
-1, 0.191699505468592, 0.165545973367878
-1, -0.0238521144391989, 0.0216517038536424
-1, 0.204140365258089, 0.336321006642863
-1, 0.0178878134935802, 0.092841339736392
-1, 0.215323703081773, 0.161021095476323
-1, 0.219554834389825, 0.261104616322467
-1, 0.25974283684362, 0.290541489814355
-1, 0.361576863152762, 0.0799943720334042
-1, -0.0126951104459189, 0.0576592271370715
-1, 0.206655291356703, 0.093429207790041
-1, 0.390609045870356, 0.0878513393656079
-1, 0.335163219924965, 0.244360114606774
-1, 0.240564161756512, -0.035327071080175
-1, 0.336762067691839, 0.0464796456129312
-1, 0.558272407597582, 0.313559858289625
-1, 0.00156505976803473, 0.277433727825119
-1, 0.235765448347486, 0.301625193447318
-1, 0.191413459785122, 0.36770482279437
-1, 0.225942122386857, 0.193670984116758
-1, 0.318979100597035, 0.191540199834985
-1, 0.244834243253741, 0.149467311990242
-1, 0.155755390419143, -0.0231841720932529
-1, 0.237646158954895, 0.093312648632325
-1, 0.422188050689567, 0.253949347076031
-1, 0.322772403256831, 0.245000466373351
-1, -0.0130366683146966, 0.137140994583026
-1, 0.248874523251629, 0.0338047420046225
-1, 0.333143590233032, 0.186321081472477
-1, 0.248762978142991, 0.296034775546941
-1, 0.0451106435819416, 0.0377736470869622
-1, 0.285684956676781, 0.205194930126381
-1, 0.282387843609684, 0.229569209145828
-1, 0.199321703333694, 0.0484222524143317
-1, 0.0997791348690948, 0.0301190230596698
-1, 0.131795105610551, 0.400414133379724
-1, 0.138450344870061, 0.344723743552147
-1, 0.0102425264296069, 0.332477246516459
-1, 0.190851471754474, 0.200291776711635
-1, 0.23804045460547, 0.206247468681781
-1, -0.0109878101427982, 0.457608933026073
-1, 0.461536048218157, 0.367294966441299
-1, 0.417347126002026, 0.225473668414611
-1, 0.225410832490228, 0.0518415522469665
-1, 0.151423907036105, 0.230147870569843
-1, 0.191710076322496, 0.179208956875682
-1, 0.110392585943303, -0.0356228269576819
-1, 0.208626974737822, 0.332692922374663
-1, 0.145009287147236, 0.0892620779933294
-1, 0.0181186046754359, 0.450990614774256
-1, 0.386261890221684, 0.074367462128276
-1, 0.407213884107317, 0.061485225999366
-1, 0.298806633500487, 0.424386467039338
-1, 0.229257741809426, 0.16866088110785
-1, 0.57042973535048, 0.225894608632557
-1, 0.0849488930732741, 0.0319967926570428
-1, 0.151181622646203, 0.122798635755762
-1, 0.22318931543973, 0.0895497410994884
-1, 0.100266985470794, 0.386595822787783
-1, 0.182223930001368, 0.196318120520175
-1, 0.133488676716307, 0.312533639936055
-1, 0.235638854382044, 0.178767013904844
-1, 0.128492436906527, 0.00586835717280644
1, 0.424342445165721, -0.569667149346888
1, 0.154573021971082, -0.382189152405239
1, 0.124929739756194, -0.299517781573987
1, 0.481063730315897, -0.186178959153456
1, 0.165578497111245, -0.155091104668283
1, 0.0809202055746669, -0.380346739565362
1, 0.496314853309293, -0.3276026925173
1, 0.470215386121586, -0.398344233052341
1, 0.478398563411371, -0.317509676759092
1, 0.247376805929945, -0.192115545416464
1, 0.395942512293437, -0.174940942527936
1, 0.303532945550881, -0.099773390250716
1, 0.328297773713024, -0.0836680315262575
1, 0.36534781839889, -0.393397252629842
1, 0.397773586995567, -0.476206818167866
1, 0.313496980508709, -0.253329005618594
1, 0.390684948964108, -0.0987963694875145
1, 0.281695912789022, -0.437717281057043
1, 0.0962699464806934, -0.20767038148526
1, 0.304125347799713, -0.478120214309257
1, 0.381240505467505, -0.38929081278067
1, 0.479991518206479, -0.208211770414319
1, 0.118454501990845, -0.14194979611371
1, 0.43802342391508, -0.39071224171231
1, 0.309984613727233, -0.450723215023597
1, 0.16024156459922, -0.285159930428314
1, 0.470386492432296, -0.524229956130393
1, 0.310366431954811, 0.0740485280606949
1, 0.499292164256577, -0.0939929820629406
1, 0.13462151044297, -0.400326625306983
1, 0.339533167193525, -0.0780347934423073
1, 0.139897532447015, -0.380918687043502
1, 0.282773799295207, -0.272331373257645
1, 0.37684025049067, -0.216652346043772
1, 0.281795494359783, -0.220372239340829
1, 0.57634633614292, -0.078825251882506
1, 0.255036700620209, -0.581255113273287
1, 0.503830401371067, -0.238851915637382
1, 0.246607315480522, -0.339679521516232
1, 0.476041841896229, -0.277948322820733
1, 0.600782562972911, -0.219170192557133
1, 0.569497121477029, -0.277531431592458
1, 0.312378820108691, -0.278625140291527
1, 0.490526107150463, -0.0906341556061239
1, 0.395091800293007, -0.382234116076338
1, 0.653328230111518, -0.219822432696369
1, 0.43289806275009, -0.165569786844869
1, 0.218181277251147, -0.353098438518056
1, 0.445491572942156, -0.011154730401867
1, 0.249930938477461, -0.338559220683394
1, 0.283053764432641, -0.310439913256435
1, 0.311670174297922, -0.23111036850943
1, 0.255280031953684, -0.435368272989062
1, 0.242844576013785, -0.292116975177458
1, 0.213674521868264, -0.156931256172882
1, 0.211893960595198, -0.434127986231694
1, 0.466816459867551, -0.246326909990311
1, 0.402713146241923, -0.232894191645311
1, 0.39723847653429, -0.336327035010648
1, 0.375405060238681, -0.187052327619398
1, 0.236019643014702, 0.00836917572109704
1, 0.422107433643781, -0.339114023543612
1, 0.335458411048299, -0.154278530574772
1, 0.191753160359545, -0.0820527468574273
1, 0.318978748394925, -0.471942498139947
1, 0.377319876025494, -0.305640662053526
1, 0.340767136894702, -0.263230989594142
1, 0.525553874591133, -0.342888741132196
1, 0.391577253788856, -0.469480307605952
1, 0.435756985395478, -0.103437827759096
1, 0.216564658712733, -0.208538505701599
1, 0.291069922003684, -0.17716440889489
1, 0.583436687249786, -0.264874997184816
1, 0.495769931357139, -0.0638945371081717
1, 0.492307829402538, -0.178454162100897
1, 0.309090692479254, -0.382165173977015
1, 0.270295937310958, -0.17495347112057
1, 0.140729913504998, 0.0400504040257921
1, 0.818921214538098, -0.105607080562325
1, 0.114556643081352, -0.569581708835251
1, 0.693445879641619, -0.194505651550487
1, 0.0128527850208509, -0.208627748727044
1, 0.409787479358505, -0.337475758956575
1, 0.0785110907537533, -0.401626502745756
1, 0.190533745878197, -0.285089584443207
1, 0.29488784044537, -0.0792402555140811
1, 0.204227833404326, -0.350868233064522
1, 0.17736471680331, -0.202373586421271
1, 0.215270724525186, -0.362429226067185
1, 0.643657200253911, -0.0609015560325677
1, 0.345949511582198, -0.346106840254068
1, 0.454754526417348, -0.387912654478103
1, 0.384956594401695, -0.0622329103754381
1, 0.243181711948096, -0.167824846617939
1, 0.200705720223557, -0.0724658493176637
1, 0.366847883126197, -0.205013986571843
1, 0.651002671558606, -0.390641171829908
1, 0.646348018214467, -0.00991533391877081
1, 0.398883554665702, -0.179371416204057
1, 0.290924674335019, -0.0757630151700033
1, 0.349920354876671, -0.189728260659754
1, 0.292306945494067, -0.45242194779665
1, 0.524065247035807, -0.455122239637121
1, 0.403389777702802, -0.274591576502163
1, 0.153927590046564, -0.257085550836485
1, 0.440625062884911, -0.237629622547871
1, 0.463700345701515, -0.337077263621856
1, 0.290516841946517, -0.285099978833961
1, 0.179427682484176, -0.163255809278711
1, 0.616912171800791, -0.243699574140777
1, 0.18802341288509, -0.0612637384869234
1, 0.369067706114405, -0.3006851269779
1, 0.231962955658994, -0.281777974482809
1, 0.196296519406264, -0.232230062337543
1, 0.544336129992184, -0.242132454528647
1, 0.29654342950063, -0.146918227875195
1, 0.35375432185294, -0.0647393674904807
1, 0.411777216582113, -0.378166965761463
1, 0.214047804861412, -0.313208439708011
1, 0.48377644054625, -0.0882495631522111
1, 0.17627051980647, -0.189465380644139
1, 0.206902347222879, 0.0067578273878533
1, 0.322215471438912, -0.158337178881146
1, 0.609145651566874, -0.143599335120132
1, 0.522521261307743, -0.0770808230773795
1, 0.241370034764202, -0.227418223237076
1, 0.27942432121425, 0.0545542426139071
1, 0.353565932696225, -0.0630870961127981
1, 0.448712221732556, -0.208277202526139
1, 0.299376459758102, -0.164987325515136
1, 0.319091684753954, -0.177954137767414
1, 0.374945574680373, -0.0896080404971172
1, 0.325826135254855, -0.360105616432022
1, 0.40051935088585, -0.214519233463127
1, 0.177972476645724, -0.32410857446042
1, 0.0191387190488074, -0.0414660201422933
1, 0.425588155645687, 0.0363937557172799
1, 0.535899901399313, -0.0830096209287545
1, 0.440282264228396, -0.23967987678618
1, 0.259138770465612, -0.0221606441265594
1, 0.716675539522415, -0.20109636187737
1, 0.607815730950688, -0.268131064673749
1, 0.308048806787246, -0.0272350558393361
1, 0.369007539158484, -0.291606023719617
1, 0.411584252971299, -0.258420532193694
1, 0.419366562651427, -0.110539151801407
1, 0.455716434139329, 0.0241017726594445
1, 0.39826028861964, -0.153243025526431
1, 0.54881034453906, -0.228680734606065
1, 0.40874770203756, -0.141872552752737
1, 0.35109295627425, -0.223839479843165
1, 0.651511254628991, -0.0206511724041527
1, 0.432622891914042, 0.000750967376779266
1, 0.692792870851471, 0.0380543924113835
1, 0.371319439739564, -0.0655093071607713
1, 0.284896731822142, -0.0629359995595722
1, 0.4521138801822, -0.109585713896479
1, -0.0373072940300441, 0.0676934580697809
1, 0.371420990685074, -0.266557820575028
1, 0.538275964120784, -0.0775143244388974
1, 0.430920020511405, -0.203894196405965
1, 0.398881384480371, -0.0673871331784812
1, 0.35167324917397, -0.126640227637441
1, 0.393554536140306, -0.201743716591683
1, 0.68433099695858, 0.083332829072005
1, 0.373020857034681, -0.0986177743917593
1, 0.467264270405021, 0.0766814442925402
1, 0.391966684192056, 0.0152919179858892
1, 0.399387841366169, 0.0860010554069689
1, 0.369251062001585, -0.239696831887354
1, 0.638124507600493, -0.33335738915483
1, 0.412638811085244, -0.206484450374778
1, 0.497220118793237, -0.271830861898607
1, 0.427601529332843, 0.1592243153701
1, 0.314213519841245, -0.104998107722104
1, 0.439547985340917, 0.036923112771026
1, 0.682153705455746, 0.0696167951624885
1, 0.142804586351308, 0.137091672078754
1, 0.246576096255334, -0.0865712355355009
1, 0.432419611033654, 0.00238349906631663
1, 0.228975950140531, 0.0993543445849527
1, 0.498815325733369, 0.00915527783281325
1, 0.567227504351721, -0.0537591641276172
1, 0.308379759394115, -0.0503463054858157
1, 0.420192000961309, -0.0985593795085682
1, 0.57848748960653, 0.176670368938889
1, 0.558090562589491, 0.15514065769905
1, 0.25603002834437, 0.0648037628254635
1, 0.180837374231305, -0.171524778533046
1, 0.431490905045175, 0.106696462598819
1, 0.425380562391416, 0.0499325409362101
1, 0.612692403554935, -0.366200958075805
1, 0.323497002674555, 0.00726936316761401
1, 0.409455501916326, 0.265769157627696
1, 0.470209635266309, -0.0995201187942652
1, 0.501750875129069, -0.134369485047828
1, 0.330133990467917, -0.185639409324522
1, 0.396910635417407, -0.289600537299881
1, 0.505514269339142, 0.340884259841811
1, 0.439363407199612, 0.143689314233635
1, 0.429967136498009, -0.0399111580848405
1, 0.302007155472917, 0.0326639891599578
1, 0.436154553794017, -0.181558122779041
1, 0.474299439813978, -0.0450235797069447
1, 0.507198530168586, -0.0931704527812969
1, 0.449765191698776, -0.287846655140501
1, 0.512724223658138, -0.192996285382016
1, 0.412607656005448, -0.0342221382760786
1, 0.350760066448923, 0.101503034972075
1, 0.403067250895201, -0.0781165552737771
1, 0.563133786099524, -0.157957579992919
1, 0.351152583178127, -0.208320847338242
1, 0.450755549128539, -0.313678435901391
1, 0.072946159073646, -0.0238208060379205
1, 0.313707541916145, -0.151537244039941
1, 0.260199857141891, 0.111020305843599
1, 0.327382663963481, -0.334188505164515
1, 0.500572653768463, -0.153583706114473
1, 0.475133782070516, 0.18912571315515
1, 0.500375147802486, -0.0796806734577122
1, 0.39668875361074, 0.0527873530180475
1, 0.41255703284295, 0.0804547783693712
1, 0.40898992327755, -0.0424263620966074
1, 0.415054367255051, -0.0896608511318081
1, 0.388650445500837, -0.365928734699527
1, 0.318854433823116, 0.19887887961729
1, 0.513913792946184, -0.0402926874757783
1, 0.703143240273788, 0.0887276792472033
1, 0.26096596700459, 0.171740504944852
1, 0.443836007190292, -0.217117798306324
1, 0.30792246253917, -0.0758876971136046
1, 0.224293448030115, -0.180850244579087
1, 0.369928713341674, 0.0886127243561005
1, 0.0440430830837926, 0.0300312494482282
1, 0.365203930998791, -0.12970889627869
1, 0.640737091405056, -0.105343200106497
1, 0.518594173031453, 0.0139517381250998
1, 0.29625834371612, -0.0389775449325228
1, 0.408644612123751, 0.0860924387978443
1, 0.453610348653775, -0.366495923140444
1, 0.599105244084961, 0.0485683552966186
1, 0.276259241032601, 0.0619893945906066
1, 0.443381976625046, -0.0700107798077128
1, 0.34268728903279, -0.0167327675853697
1, 0.422415323517727, 0.0660391647100445
1, 0.529171024337301, 0.144597545142778
1, 0.499770665893725, 0.356951104514091
1, 0.437383499639186, -0.0669493347258655
1, 0.637085909039721, -0.0604606582937225
1, 0.325509975088817, -0.0177330695373324
1, 0.557461888650331, 0.190012738318328
1, 0.495986742324187, 0.123576081041142
1, 0.432580538528359, -0.0730272857554211
1, 0.562101291105544, 0.238057665125603
1, 0.411465898688426, 0.0420449679558351
1, 0.253069872979186, -0.173581230384766
1, 0.383986358049303, 0.0583506082303659
1, 0.572790750778311, -0.0346257792332034
1, 0.431136205893612, -0.0123225209722238
1, 0.541893607155279, 0.0267188038242846
1, 0.413094941429575, 0.00074586080900485
1, 0.378762225052358, -0.111855528627988
1, 0.384423247160344, -0.0945923139545001
1, 0.372382997543091, -0.266352900652966
1, 0.51457920790177, -0.197552097886958
1, 0.474936039119008, 0.214893718264271
1, 0.373883649177058, 0.120649314378922
1, 0.478345876491536, -0.250628638485535
1, 0.458236104080669, 0.126475648876427
1, 0.37975269534794, -0.0434620863279492
1, 0.370439127547036, 0.0231202428495656
1, 0.0791794330929119, -0.0181785145145042
1, 0.743722505464421, -0.0373803686420387
1, 0.520370715288886, 0.114075085037017
1, 0.398955551892301, 0.0788508975892815
1, 0.48819791864771, -0.152801370624755
1, 0.628455710421012, 0.0872309684058625
1, 0.670096030883168, 0.127486875125373
1, 0.333280409515183, 0.150937458311786
1, 0.294747262584988, -0.00778656088658097
1, 0.133588558051194, -0.0467220282367487
1, 0.304927646900308, 0.15597492747058
1, 0.366107723060917, 0.28468331951068
1, 0.459949539386183, 0.0122469014080047
1, 0.394815440064536, 0.229480401345645
1, 0.510542584698381, -0.0706295613097785
1, 0.34315760030353, 0.0460064254697135
1, 0.269005594474999, 0.0706516500389612
1, 0.431553725465318, 0.135298603853335
1, 0.414115190859495, 0.166869415773357
1, 0.228886600407617, 0.157674735316504
1, 0.564735080973041, 0.213234239172938
1, 0.313876103186144, -0.0828569978209962
1, 0.149034615288153, 0.136945825079041
1, 0.359671239553962, 0.106747127121278
1, 0.360240037340534, 0.1510131754129
1, 0.405353680974714, 0.173718319191399
1, 0.379166364458444, -0.100887535103838
1, 0.369094571078028, 0.0684891675496517
1, 0.342103127430469, 0.264570067212628
1, 0.177229771420832, 0.00217814123624183
1, 0.304431016216883, -0.21337264170049
1, 0.373926786743532, 0.0134388234262542
1, 0.504103582855236, -0.0315278793713211
1, 0.465642409064183, 0.0194959190620346
1, 0.131673036752168, 0.0622922811395869
1, 0.286082649942147, 0.118747114723188
1, 0.41370814993479, 0.329982873168919
1, 0.326825358289273, 0.0709152717857322
1, 0.241053414388826, 0.0475946100001171
1, 0.433966984229887, 0.0669081626882448
1, 0.355259475854511, 0.0176665102075146
1, 0.336433739059331, -0.133912568240873
1, 0.245868106341219, 0.284797433952405
1, 0.57187014190752, 0.110749868343856
1, 0.514534953963797, -0.0201448189222347
1, 0.416810775578428, 0.0279259387661036
1, 0.392639969190831, -0.0851007665897108
1, 0.421442063653444, 0.233161975293182
1, 0.424314746305505, 0.183540617998339
1, 0.443962670810395, -0.0480387290191779
1, 0.577524123928495, 0.0439124100529971
1, 0.404853515186118, 0.0506931968288573
1, 0.647558706184866, 0.0465541189985484
1, 0.563800210723844, 0.0620570000308874
1, 0.37345400495724, 0.293368292717074
1, 0.523928491950879, -0.0509756571933313
1, 0.558287305813028, -0.0295891802654174
1, 0.230663571108329, -0.0112014907243196
1, 0.540499921752025, 0.19115071293263
1, 0.433928798367802, -0.0219375852571019
1, 0.404419646734022, 0.179560796087046
1, 0.437325742383568, 0.144358476646956
1, 0.356156464570483, 0.082930338812008
1, 0.172741743608771, 0.0830399345679313
1, 0.585830585648672, 0.00296748359263382
1, 0.17329616203892, -0.127745955150022
1, 0.394754666866671, 0.15476729170577
1, 0.697494708392684, 0.354791515302803
1, 0.433042392477955, 0.231759901200989
1, 0.307313918373459, 0.285003797996925
1, 0.423415015076348, 0.239253531669924
1, 0.356736131370166, -0.0580248775473396
1, 0.435570483787567, 0.0892237539195878
1, 0.175718938889494, -0.0147190509067812
1, 0.482196089111534, 0.181139033917387
1, 0.249332652307443, 0.150861418558246
1, 0.275018275328558, 0.0526453127502419
1, 0.296358692546765, 0.324420794165705
1, 0.232042622688221, 0.324106019568067
1, 0.5090826292957, 0.00571677282753186
1, 0.216896127934008, 0.147656983152885
1, 0.192202974006096, 0.415216081326957
1, 0.410479177911891, 0.309319293093173
1, 0.183699950860583, 0.170019583061292
1, 0.646506641306534, 0.4375947338308
1, 0.51548696961351, 0.473431563103925
1, 0.400237710350061, -0.0482232840176277
1, 0.522929842234472, 0.192705643480827
1, 0.424422499817965, 0.0206289315247089
1, 0.436878618164328, 0.0792985533407452
1, 0.550734549521635, 0.415635432030915
1, 0.309008709769081, 0.224194739480133
1, 0.464801779078502, 0.25816109412068
1, 0.627478567031924, 0.00182667203098652
1, 0.319738323800007, 0.321537241178337
1, 0.594535066360518, -0.0267633038267182
1, 0.931033726690244, 0.180852815032362
1, 0.434021950241481, 0.300985948970319
1, 0.329608802358227, 0.23103157568666
1, 0.313382987228958, 0.143938527561249
1, 0.511060287234647, 0.229634031157537
1, 0.696811347362645, -0.00660483112714594
1, 0.571369575186973, 0.5198512127634
1, 0.627977768511284, 0.197554875983906
1, 0.39231728368985, -0.180936613600816
1, 0.273347380391657, 0.181008087571527
1, 0.370469149893991, -0.0403692755736564
1, 0.306114323176192, 0.26328864484269
1, 0.36839338411977, 0.222256454114265
1, 0.431209607638845, 0.155349264413514
1, 0.427469307294476, 0.193265026635135
1, 0.100886324911775, 0.411824309973152
1, 0.312730075853417, 0.193298428100718
1, 0.523464585999562, 0.428044584753192
1, 0.476366129118748, 0.162039201446995
1, 0.317428802778678, 0.110853348137531
1, 0.407933398176497, 0.0252968157316785
1, 0.419022672034742, 0.206053102777887
1, 0.312090743316695, 0.115196541283582
1, 0.198777173570211, 0.280796080502588
1, 0.469102581717871, 0.24892005778995
1, 0.522025288343421, 0.0578324373109796
1, 0.568429069240729, 0.206114922593796
1, 0.523229959573105, 0.175749831721193
1, 0.398159920152603, 0.162587588683473
1, 0.529286735318915, 0.299914637900297
1, 0.242461315165774, 0.0663928606002403
1, 0.293592591013307, 0.138892286037653
1, 0.336520802225712, 0.0880032109993052
1, 0.383266010163686, 0.183047985532301
1, 0.226381053663723, 0.0533516566447841
1, 0.420605203410107, 0.276762870772172
1, 0.44552372987435, 0.313813385041446
1, 0.313884307478675, 0.272914294113682
1, 0.154794144676599, 0.145270411155356
1, 0.514905249400152, 0.0571411158203833
1, 0.479167448065786, 0.203704729377639
1, 0.416166856978831, 0.17729203069656
1, 0.433356599377892, -0.0392791393484365
1, 0.431322129140308, 0.204800996683783
1, 0.520377340501536, 0.138078117026605
1, 0.179790243993947, 0.0914154114856225
1, 0.331665298408188, 0.303178506925905
1, 0.396207469429523, 0.257163794313763
1, 0.546407367981134, 0.318038716470139
1, 0.496022034514026, -0.0228169905844373
1, 0.277882460694702, 0.265161757198314
1, 0.31102348931686, -0.121571925392554
1, 0.268640426430623, 0.375971156367611
1, 0.196697298390772, 0.449937267608855
1, 0.432121773472208, 0.113791137238823
1, 0.389626154522625, 0.234852147987251
1, 0.365062584774582, 0.0795970000142798
1, 0.0987106021689422, 0.466131446975656
1, 0.474760844091367, 0.230118776288594
1, 0.44488656105058, 0.121029735962232
1, 0.276681089773755, 0.323636132606493
1, 0.197273597248541, 0.427962082689745
1, 0.226324177713587, 0.336969864837888
1, 0.499592973657358, 0.230360831473418
1, 0.512840157096843, 0.441742113833465
1, 0.121265247055224, 0.375663169480128
1, 0.275836592547351, 0.297873407947827
1, 0.424578259642021, 0.349488285622406
1, 0.37117834367423, 0.421597083845421
1, 0.237758561180439, 0.445081259404913
1, 0.138431597390388, 0.259719250424675
1, 0.521066000795795, 0.405237201223763
1, 0.177629812550774, 0.122537659793315
1, 0.169977216179945, 0.0740005410997973
1, 0.355057254288715, 0.0926334381811144
1, 0.461775338546484, 0.274437851126947
1, 0.205609337915836, 0.454254487736434
1, 0.543313625183828, 0.326280157040629
1, 0.146309306187476, 0.175108798907886
1, 0.511694438485531, 0.160486201530291
1, 0.396443618348884, 0.215124886103361
1, 0.320158247987363, 0.314739029718424
1, 0.417847561884474, 0.18426022677586
1, 0.186010853544586, 0.345760034079253
1, 0.267696137318738, 0.294694742655966
1, 0.19913187188007, 0.29518995875329
1, 0.149129640263518, 0.510162445088735
1, 0.5268441832966, 0.35924142247194
1, 0.286127903619936, 0.350175622886574
1, 0.248365494127741, 0.295945875668095
1, 0.498995992576198, 0.201534110712596
1, 0.215424528281642, 0.307435427079362
1, 0.234622153076711, 0.439325258485918
1, 0.317920439246083, 0.436924759172229
1, 0.401674671886876, 0.287940332985798
1, 0.351045527528086, 0.316828445092967
1, 0.216936080751769, 0.0963170048630126
1, 0.19317516989542, 0.0131953982589384
1, 0.280823460143452, 0.11324265218509
1, 0.191975415133905, 0.157340751502017
1, 0.44455283238936, 0.407503130380969
1, 0.259059394808023, 0.409769697505334
1, 0.375759407154201, 0.304910754249294
1, 0.30115949728202, 0.475940186392826
1, 0.414148717278816, 0.148134452008021
1, 0.303111184550601, 0.354251138501483
1, 0.168236802158597, 0.272782464055881
1, 0.651962596159704, 0.334006696831788
1, 0.638372330312764, 0.152903492526035
1, 0.339439319715166, 0.0989080991270818
1, 0.279555494866944, 0.170734433808319
1, 0.174244841409253, 0.337216372743059
1, 0.459700843914054, 0.519119074276474
1, 0.11952351352479, 0.222052042822864
1, 0.397283380622995, 0.304576659871498
1, 0.460495210242097, 0.344983878516627
1, 0.290008055320476, 0.135603713827242
1, 0.435474217357267, 0.489216817527912
1, 0.484178014190618, 0.175884395190302
1, 0.396608278778822, 0.428289488825232
1, 0.383062300638867, 0.104847303466578
1, 0.232710479748169, 0.0380364248478091
1, 0.385950872073762, 0.217664988971456
1, 0.464648994948407, 0.168267148182796
1, 0.349110434784374, 0.244461841268439
1, 0.24521800317733, 0.395487870636473
1, 0.3819704266998, 0.311723889914698
1, 0.369769604572767, 0.337515838713311
1, 0.203828920930966, 0.29367713187672
1, 0.0823099266522069, 0.31550791034171
1, 0.322964270352447, 0.125014347183155
1, 0.317241663848574, 0.41273100566743
1, 0.719852890807578, 0.184466102199523
1, 0.375087269439319, 0.334830714884581
1, 0.220876374143107, 0.31699824890989
1, 0.342872247661164, 0.133261633121625
1, 0.277618444034113, 0.393608669663299
1, 0.477363934799849, 0.491333614796007
1, 0.169937090269045, 0.218426334594687
1, 0.315126029951396, 0.138762552759948
1, 0.279294629611632, 0.129525265503799
1, 0.282753979111353, 0.327945537452515
1, 0.262671486292464, 0.438783793720992
1, 0.266488228894333, 0.311730074854773
1, 0.229692371292921, 0.412322539803019
1, 0.391224761780192, 0.576366630033761
1, 0.296875949384612, 0.163134779967919
1, 0.263760318798762, 0.316789754423218
1, 0.37801590210365, 0.338195928287462
1, 0.324846716419169, 0.300688920415251
1, 0.152362207882794, 0.332386568948424
1, 0.197357980395027, 0.511144132698145
1, 0.215229082866043, 0.0747935020034427
1, 0.415439228456182, 0.133908534180235
1, 0.138549428573117, 0.297870127928884
1, 0.314478938584341, 0.217093009651126
1, 0.235478581086537, 0.36607206241402
1, 0.365188717443809, 0.416813698614358
1, 0.197852408468542, 0.476709419377465
1, 0.196770513937388, 0.20158852076352
1, 0.327681235335124, 0.489043456019541
1, 0.241541628947283, 0.291451551475491
1, 0.32568987261858, 0.355928848326603
1, 0.219098199588121, 0.388684535654698
1, 0.248930358587323, 0.411490046544409
1, 0.179067787696001, 0.373591614706464
1, 0.266170196142195, 0.510274266385011
1, 0.450101639652283, 0.220480145662432
1, 0.370460300468583, 0.390471962675614
1, 0.423643369689249, 0.0876273707508028
1, 0.283149951187306, 0.13002187983499
1, 0.131855044699828, 0.329519086053327
1, 0.299625966531044, 0.308136321583024
1, 0.220480009890828, 0.675830657290409
1, 0.0298142234189282, 0.2074763026603
1, 0.403599425742494, 0.419222144304883
1, 0.242322186805422, 0.310407063838369
1, 0.235923118851447, 0.33698887933172
1, 0.208653138370269, 0.369092997118952
1, 0.208984702483525, 0.541051203600137
1, 0.394767952100771, 0.465329559729753
1, 0.119766763822181, 0.284677767567003
1, 0.328682717174717, 0.410239249160309
1, 0.0398611255740135, 0.171356643748279
1, 0.272401900917985, 0.306188010129949
1, 0.398793717658881, 0.129260993809275
1, 0.200345396427716, 0.628805205074505
1, 0.232476774691883, 0.160734458081905
1, 0.0739374324557679, 0.690075789705212
1, 0.193965152279536, 0.357076216660288
1, 0.126875109275282, 0.122914466300192
1, 0.35538293152792, 0.0695767078840654
1, 0.241317841751679, 0.495402177027618
1, 0.347431713366458, 0.358148912133532
1, 0.00614859754246699, 0.347999675210214
1, 0.370507943727871, 0.370742514302627
1, 0.460432293384862, 0.481650091804855
1, 0.154483295306719, 0.358923309870271
1, -0.0134508334279892, 0.181187253320063
1, 0.35386452971136, 0.151702113737337
1, 0.3009636904694, 0.372119566872798
1, 0.184634672286037, 0.648000174357418
1, 0.110635311580453, 0.223749877273683
1, 0.362741699776253, 0.30897811099581
1, 0.238008198343253, 0.540468078463268
1, 0.275897006792305, 0.0979787371886784
1, 0.325087670156227, 0.431046222710205
1, 0.147301425180053, 0.346605310310042
1, 0.225788065769178, 0.419386922252477
1, 0.346508758579497, 0.241193834101925
1, 0.117737641329883, 0.195352563683355
1, 0.152349248467829, 0.375852281661782
1, 0.0942528083310043, 0.285813211807508
1, -0.0583517179961914, 0.277380667317843
1, 0.151093055715376, 0.534772654877011
1, 0.0757930459652915, 0.522352102173384
1, 0.195204872921431, 0.387291432395768
1, 0.012903284537341, 0.186262603511147
1, 0.13718190373002, 0.514290740029625
1, 0.345674968117081, 0.381667013054471
1, 0.19078421141021, 0.649159936094927
1, 0.427273702633259, 0.315812842581959
1, 0.0922828740812286, 0.374110553601491
1, 0.203687691245634, 0.540306880329554
1, 0.100312452617758, 0.409558307786453
1, 0.213577051279446, 0.544020798752397
1, 0.257710975519211, 0.518690370510678
1, 0.272247652718322, 0.0628465412190597
1, 0.423397332944405, 0.281283980932494
1, 0.283955982996675, 0.174488732446715
1, 0.0729635756511814, 0.24070958637852
1, 0.35475231875394, 0.434322311925632
1, 0.268964701354859, 0.227968553834041
1, 0.466857917426358, 0.444120738550807
1, 0.508141801790759, 0.542118656860828
1, 0.257937840323731, 0.459843663714178
1, 0.286977570484747, 0.266071925467232
1, 0.271331514619578, 0.235803488937726
1, 0.0853054557203956, 0.609550695735722
1, 0.140468845677927, 0.384589355985558
1, 0.135236359995694, 0.260326756593
1, 0.26684486886379, 0.384991387906415
1, 0.295313798635576, 0.451677686193163
1, -0.0153557661157229, 0.389659529867512
1, 0.0955412009619957, 0.337299852943798
1, -0.0601730681287171, 0.673168579162701
1, 0.331066002784056, 0.240931591687599
1, 0.169290862194584, 0.48178121027918
1, 0.375394162211539, 0.583374618622102
1, 0.0828122980921926, 0.526004657144024
1, 0.203397963752507, 0.420939298904279
1, 0.302456607503229, 0.377658219461757
1, -0.0532740245563757, 0.406069534852824
1, 0.0838569078266389, 0.534662153534744
1, 0.224236156148306, 0.464760452088544
1, 0.152765114601087, 0.418546925148235
1, -0.0100076103669016, 0.331355006935971
1, 0.444961895470476, 0.456790584502169
1, 0.199669694034603, 0.383962639577014
1, 0.278998451130101, 0.092595724027507
1, 0.19436544197743, 0.306478764235958
1, 0.208078030941523, 0.366726567637253
1, -0.0199916148750185, 0.400828604443354
1, 0.0689964430866201, 0.592828893458222
1, 0.0902305380441939, 0.347826679690912
1, 0.317226748498959, 0.614441962687126
1, -0.0497419056613602, 0.470688392451249
1, 0.0624881212078882, 0.260950590297359
1, 0.342543587605707, 0.397411548205289
1, 0.282054517926906, 0.235073065488567
1, -0.00649909412459032, 0.336789640091896
1, 0.089265969483148, 0.169291725964911
1, 0.164494303291724, 0.24109648295789
1, 0.122478971472811, 0.436648288036729
1, 0.473885841563352, 0.447211219913025
1, 0.240537845397162, 0.281935691548736
1, -0.0181301198026684, 0.334213681458462
1, -0.0500676018892924, 0.513558267032843
1, -0.0575597591691915, 0.45483600738106
1, 0.290764109442144, 0.459813248575584
1, 0.0745023393778576, 0.370240059283876
1, 0.324367020921379, 0.401859669309071
1, 0.0638671070738435, 0.332039733767735
1, -0.0736935267434854, 0.4014932570702
1, 0.148308176881083, 0.473562771999521
1, 0.315402178586798, 0.250019364166012
1, 0.0384196572514365, 0.0960516120468223
1, 0.164056143337857, 0.164220254817461
1, 0.14295711239284, 0.30671940203039
1, 0.0621602491938468, 0.4168419920631
1, 0.189097787744683, 0.453603313886487
1, 0.185821395029185, 0.51254022018899
1, 0.140679576376265, 0.280315902612871
1, 0.165438743842489, 0.585547234995718
1, 0.0781953770745738, 0.256624724693483
1, 0.341693683082027, 0.443267708982934
1, 0.163072238881768, 0.12387975887247
1, 0.22354954773963, 0.219950885732261
1, -0.00312494288025106, 0.549051343536942
1, 0.181549531566269, 0.292669168780378
1, -0.0654666095658791, 0.255798678194477
1, 0.226142739671372, 0.574222097620905
1, 0.356667608205063, 0.367939022555091
1, 0.199048507396941, 0.719209659271929
1, 0.120206584556707, 0.455185727606789
1, -0.0635020548396934, 0.114209978378963
1, -0.0153631562269113, 0.490256186139475
1, 0.216035732926455, 0.461836194833419
1, 0.123109445638223, 0.494953465987277
1, -0.0104618844843588, 0.662459689479194
1, 0.0772712962771236, 0.357531605885714
1, 0.291304907053876, 0.480543835053399
1, 0.317799821303678, 0.253418788282202
1, 0.188960079410376, 0.647149246602678
1, 0.266802948794732, 0.336223351914035
1, -0.0464822337252708, 0.550685025140902
1, 0.192126884078266, 0.334682530898457
1, -0.0893616819438074, 0.401227917155297
1, 0.0967114918807557, 0.280964877006583
1, -0.0481229537291355, 0.613247591648373
1, 0.206278629058547, 0.259337339100688
1, -0.0417355459676411, 0.336966910937659
1, 0.21630803035499, 0.347928641332958
1, 0.101593062999626, 0.39898403218999
1, -0.0356466045453883, 0.711360494535856
1, -0.199251996116167, 0.561552432557207
1, -0.0445337769125432, 0.336048032275194
1, 0.378081301186019, 0.383784365989859
1, 0.173417648227766, 0.489044797855991
1, 0.117406115941429, 0.647051952312237
1, 0.0567940693444556, 0.384416137219798
1, -0.198009121046496, 0.201990792844752
1, -0.0616811776590933, 0.430941425290953
1, 0.177176970468472, 0.312852538268681
1, -0.174337865488457, 0.600476849154361
1, -0.0144733484469677, 0.409106179462257
1, 0.237306743463358, 0.634122591326904
1, 0.112863644230618, 0.40596844356678
1, 0.31148980306005, 0.401303277839204
1, 0.0836039892894093, 0.417856647373006
1, 0.265232181559167, 0.28663335284616
1, 0.135746479238247, 0.314445779348329
1, -0.08943914647326, 0.302612919488673
1, -0.049736748540278, 0.423437431439208
1, 0.323598968632569, 0.612783923406636
1, -0.00908708513463905, -0.046242312846292
1, -0.0157680417604318, 0.660578647919231
1, 0.121982718145962, 0.1867154700884
1, 0.0901619719949442, 0.636247579340598
1, -0.0682386519574676, 0.704660392188829
1, 0.126493026091209, 0.211558172582048
1, 0.157911980882263, 0.457859057535664
1, 0.202676419730839, 0.384677927170397
1, -0.110189525608287, 0.494531267003431
1, 0.216549423870035, 0.629578922239659
1, -0.0589327265053447, 0.347756569501263
1, -0.0241084267674925, 0.241184290003194
1, -0.11889420048771, 0.336924920355934
1, -0.00446246350219678, 0.463599815076201
1, -0.0294890854775516, 0.265792387974127
1, 0.248827264456577, 0.535165923413798
1, -0.0565945764547758, 0.460605884626752
1, 0.0598520830374414, 0.38756684681653
1, 0.141920104801169, 0.415494106660349
1, -0.0940754171482177, 0.385888795394786
1, 0.174216989500109, 0.297526466926207
1, 0.0221472557863135, 0.328599857972701
1, 0.0361035598849042, 0.563547406716222
1, 0.118464541165661, 0.361888271546204
1, 0.136767342585, 0.330587395157149
1, -0.207341148641474, 0.393831881811145
1, 0.0444480646135946, 0.6390136990875
1, 0.0136788857398302, 0.53284458868698
1, 0.222068851800743, 0.398154933283597
1, -0.101828143711674, 0.377218048082932
1, -0.276068252437661, 0.39743043583603
1, 0.268246488134949, 0.4546375331952
1, 0.000671435924603281, 0.503054849700487
1, -0.0160970211284642, 0.230919590419408
1, -0.120388210415005, 0.366785189400516
1, 0.195053222198115, 0.356774897822289
1, 0.179302749141496, 0.676267379837149
1, -0.0618310607629995, 0.386779338539077
1, -0.0838363467875524, 0.487663946278289
1, -0.0602565436017833, 0.336258705987097
1, -0.0491606857069332, 0.510908342460803
1, 0.195455603630508, 0.429384464912896
1, 0.114772774855366, 0.336061398649689
1, -0.10089724611142, 0.45860244844045
1, 0.0206729955783232, 0.472700513865435
1, -0.271237622213904, 0.346545607813011
1, 0.040738918403086, 0.537251697742279
1, 0.0769459528012441, 0.675353109268005
1, -0.00823669850678849, 0.310041748607546
1, -0.117903574412862, 0.189096669984207
1, -0.0712191961513135, 0.426113518723313
1, -0.305990101813519, 0.414097789404112
1, -0.192230060752065, 0.268078869178117
1, 0.0231214047935949, 0.486316659716516
1, -0.1207056614884, 0.438561627968552
1, 0.15665873316196, 0.477550986468838
1, -0.0811731217944114, 0.38221694626709
1, -0.0549345534996168, 0.298625983374488
1, 0.19722214752002, 0.546100617723169
1, -0.00987970607983821, 0.394459229670709
1, 0.0593393698884383, 0.433462588913877
1, -0.253795666689815, 0.441174230244588
1, 0.0835296796744344, 0.531154445029232
1, 0.0904482141924911, 0.430268624947053
1, -0.00798593809757539, 0.45458723971258
1, -0.168084742242401, 0.311777610686433
1, -0.0885459157945798, 0.602806038231243
1, -0.198171771662924, 0.322225080919009
1, 0.0361281843562021, 0.302930909041417
1, -0.102806382750086, 0.610040341680101
1, -0.224280515311463, 0.329643396702972
1, -0.0854474377730643, 0.359103300745339
1, -0.222149398751083, 0.455918802441335
1, 0.0642571496673935, 0.348467182054113
1, 0.0290344288198809, 0.410111737821944
1, 0.119208880550893, 0.356089347458371
1, 0.0811807912816396, 0.397204496632465
1, -0.135864029029751, 0.562031855603145
1, 0.00834067166393532, 0.289407151503501
1, 0.0717107450136067, 0.346312140713338
1, 0.135340639085851, 0.369290662348862
1, 0.205297524199752, 0.686301718624321
1, -0.0168390124657879, 0.414220508701007
1, -0.155043992287797, 0.624303685265405
1, 0.0529617711753605, 0.373631281135297
1, -0.102490671702378, 0.455999644162463
1, 0.0168308865723516, 0.490051365529196
1, 0.146031057167506, 0.347488537738746
1, -0.237550468863044, 0.426166111231024
1, 0.171140754592423, 0.588290057633565
1, -0.127897616387606, 0.514877701711268
1, -0.250810329128229, 0.452303612185567
1, 0.0541414984508027, 0.189744540068443
1, -0.145648313380098, 0.346696624979711
1, 0.0321866800282948, 0.123364867263564
1, -0.156451126731403, 0.403972349952366
1, -0.209484461913947, 0.442480923913437
1, -0.0534802264321247, 0.344972540893648
1, -0.0970064883722645, 0.412360485407383
1, 0.0438971575195734, 0.373864555061326
1, -0.357332773781472, 0.117154453668889
1, 0.0121011753990484, 0.633583636325413
1, 0.0397326087399519, 0.507811053490444
1, 0.0191216193547399, 0.476162929376262
1, -0.356468774278077, 0.254410368345714
1, -0.140530954185643, 0.506228881593387
1, 0.0892568231583364, 0.357500012788053
1, -0.170545191623124, 0.42766733754656
1, 0.0989113592852422, 0.282926794125024
1, -0.298091219476917, 0.245044341244622
1, -0.113080105939598, 0.261298922546782
1, -0.147514814349209, 0.336132054465379
1, 0.347868914738874, 0.478520243604192
1, -0.100015863723634, 0.347713060502334
1, -0.256673017725058, 0.344241147934115
1, 0.0403578413072448, 0.604183219078096
1, -0.108944285135167, 0.424380510441481
1, -0.121844703095026, 0.406376934365766
1, -0.0877653399606225, 0.270013484699996
1, 0.0259969193062812, 0.706501844115047
1, 0.155920316304362, 0.269621309543815
1, -0.0170499294333759, 0.386901464156519
1, -0.16007129362125, 0.338287580830938
1, -0.226019612168645, 0.439805601891098
1, -0.0116348176804567, 0.466331495783105
1, -0.282722805213097, 0.556943213054879
1, -0.341168867871961, 0.206899494201913
1, 0.0826924244562105, 0.531886550900595
1, -0.00468424040303941, 0.482744252279326
1, -0.228456543033051, 0.275182078956482
1, -0.146228634946808, 0.380587561276182
1, -0.423134692794057, 0.407864671281487
1, -0.213134878274818, 0.158831158041431
1, -0.0628980264716933, 0.382943996300581
1, -0.150490777523527, 0.45601480525057
1, -0.236566507826027, 0.25910634847783
1, -0.262776965876129, 0.40578019242305
1, -0.398175162318005, 0.504481559515928
1, -0.017264159365576, 0.31372743271663
1, -0.281178814221575, 0.549551454012773
1, 0.0637206884103778, 0.329821004420537
1, -0.273617269397764, 0.397443434871876
1, -0.389433220574839, 0.290509871076611
1, 0.0336282160977014, 0.54731500503473
1, -0.289576091672605, 0.328057069685351
1, -0.0461945915068161, 0.364595421787133
1, -0.243876083160314, 0.3644961888492
1, -0.0777901735381916, 0.535766081764807
1, -0.135047140464167, 0.288938747989228
1, -0.125979322347214, 0.212811744636152
1, -0.295558302984139, 0.44356029485279
1, -0.0193545394623416, 0.485293119393263
1, -0.0255154880745311, 0.249631519198368
1, -0.133633136483089, 0.556777785823872
1, -0.214382862955802, 0.360283511341222
1, -0.0847993571240418, 0.353958271001136
1, 0.060129475893037, 0.53261823422453
1, -0.0438127887777775, 0.396651301208348
1, -0.193090779012007, 0.184131867060273
1, -0.0835029045033555, 0.479406707720559
1, -0.255881223799821, 0.52744818962789
1, -0.0189319734201134, 0.462402919540535
1, -0.124443695043066, 0.177707940944387
1, -0.177914965375584, 0.319117538136823
1, -0.0113627930141153, 0.427008282504369
1, -0.0720362796567576, 0.582667753634647
1, -0.149983998302299, 0.368247549211697
1, -0.00276549914495905, 0.291791868217625
1, -0.129129532597882, 0.547915635297607
1, -0.320645868441948, 0.696423556337468
1, -0.182441804738669, 0.305509891099198
1, -0.2229726198547, 0.316439612151135
1, -0.210930493534608, 0.440006241376229
1, -0.309048491152297, 0.5721508759237
1, -0.334070545400191, 0.614881343346241
1, -0.0191421170839794, 0.430446883536372
1, -0.0826674412546367, 0.420099597464949
1, -0.182126030994239, 0.41775130780653
1, -0.257531307449524, 0.570104616963057
1, -0.0971921541353504, 0.132890705220559
1, -0.141927496952151, 0.440160654633707
1, -0.0984643620041362, 0.403676333673042
1, 0.187683204958473, 0.129897649717501
1, 0.0495304975075083, 0.598588200008819
1, -0.251033094961581, 0.368302637144401
1, -0.226504004036302, 0.264182348184737
1, -0.321183733974278, 0.410682006105235
1, -0.0598863021094686, 0.432030746931934
1, 0.00220700086454137, 0.13231116022722
1, -0.0556502960937124, 0.389805902671684
1, -0.380813710963925, 0.154313517818601
1, -0.207747650392388, 0.340161425954845
1, -0.107240994907564, 0.214941170788012
1, -0.209244552940842, 0.470935281816667
1, -0.411085668673496, 0.338788784489357
1, -0.0760878864730154, 0.408091659609874
1, -0.258333925176734, 0.263223525131863
1, -0.118486765624696, 0.247093619743065
1, -0.188970401157766, 0.253036639565559
1, -0.22264475939094, 0.378144188991499
1, -0.191544578736735, 0.197149023667288
1, -0.25747541611322, 0.527663215834257
1, -0.313904164035116, 0.41733349093533
1, -0.239202638774252, 0.608147736796775
1, -0.2874172310868, 0.385584249977344
1, 0.0673597211439343, 0.372900780279584
1, -0.280399114248664, 0.209868882233701
1, -0.428837501387043, 0.427568925097017
1, -0.122003318290501, 0.66436170224641
1, -0.206563288299238, 0.348652843911723
1, -0.0966701466525002, 0.499302484461382
1, -0.114493038382172, 0.291225973025851
1, -0.220919351726746, 0.262345038120272
1, -0.466854066304021, 0.259711670613828
1, -0.265189359526943, 0.0423997245529348
1, -0.171171038278742, 0.446968932842741
1, 0.013122238959043, 0.176154262006452
1, -0.212712470008124, 0.320010768114041
1, -0.266015677117881, 0.397273449841816
1, 0.0297705765591469, 0.572787852899396
1, -0.289767692788635, 0.698380594371051
1, -0.108924719496166, 0.506646649530757
1, -0.0548414178485509, 0.730841458376312
1, -0.176377913362703, 0.180079279201346
1, -0.273245315773343, 0.259577417275455
1, -0.246448524166618, 0.248088150261541
1, -0.0559728618972524, 0.414116097882989
1, -0.226870479724616, 0.214740065573715
1, -0.208020009134644, 0.467538840710978
1, -0.226853111557578, 0.3811533894299
1, 0.066273509205546, 0.20426398572951
1, -0.143288864008582, 0.506820445682737
1, -0.39293227770687, 0.25612075532083
1, -0.302452541847341, 0.375945402753432
1, -0.174211783683944, 0.183402330594412
1, -0.33336104493079, 0.250402806589353
1, -0.360736517397722, 0.525273149119263
1, -0.194907393530983, 0.531379498072421
1, -0.203322147229219, 0.3440817158812
1, -0.0625855426073025, 0.478198355714221
1, -0.0862242055964053, 0.388111963300189
1, -0.214208369501334, 0.300576248471946
1, -0.326490481184155, 0.269417893491332
1, -0.262261157775898, 0.244397960814535
1, -0.21632170140737, 0.248311415910664
1, -0.544529511747855, 0.0349408820051215
1, -0.171432927952976, 0.389034910192783
1, -0.239959750829815, 0.0473201403560791
1, -0.373286287639543, 0.125337149045378
1, -0.217075530401659, 0.279757788429738
1, -0.0337105528608703, 0.313952412988235
1, -0.0885601534426988, 0.354222481691917
1, -0.342273624910664, 0.237237038720542
1, -0.155164071221614, 0.198053474245357
1, -0.347649572821013, 0.314923972152256
1, -0.138544269005207, 0.39345874866748
1, -0.0893990056093825, 0.312273224742673
1, 0.0136045383586675, 0.293238620966636
1, -0.278430747960226, 0.310612266042367
1, -0.376816093574852, -0.0929770258527545
1, 0.1120779930412, 0.227846400511478
1, -0.29088807537327, 0.285895680588217
1, -0.31444063572989, 0.201213291745309
1, -0.334107387361633, 0.344685820921317
1, -0.232171123462825, 0.325756715029401
1, -0.295454579106957, 0.127894813415669
1, -0.312847941558153, 0.245481741528707
1, -0.159313004833353, 0.203684220664628
1, -0.301115683113864, 0.525105472978261
1, -0.287464087294206, 0.300014701354146
1, -0.387030694088567, 0.272773238610637
1, -0.376533165963466, 0.332706084388579
1, -0.284403592547972, 0.303254209384005
1, -0.267710183775225, 0.303696167052935
1, -0.297833766258469, 0.179787335355158
1, -0.104312877976723, 0.177737255504726
1, -0.167606708309906, 0.174315552993045
1, -0.473021316956074, 0.236696398052961
1, -0.112218103131198, 0.560462045224464
1, -0.413738295420018, 0.191435147786356
1, -0.303316863548537, 0.347796703410613
1, -0.31595354122673, 0.421622200320927
1, -0.306278221342867, 0.256155061405479
1, -0.352137268080493, 0.304841345220291
1, -0.296209987275131, 0.318728026636131
1, 0.0197539803873474, 0.184295290598499
1, -0.173550340785593, 0.233887530125727
1, -0.451179447222214, 0.297304674641791
